customer_id,age,tenure_months,monthly_charges,total_purchases,support_calls,last_interaction_days,satisfaction_score,churn,segment
1,56,29,35.7332500630751,38,8,47,2,1,0
2,69,44,74.4632127243718,37,7,10,3,0,3
3,46,53,117.65314621509435,58,7,78,2,1,2
4,32,24,29.23099638932321,33,0,49,5,0,0
5,60,58,30.42340183064745,59,4,41,1,0,3
6,25,3,66.12026793867796,95,6,83,5,0,0
7,38,20,142.42434251046024,11,5,30,3,0,1
8,56,46,106.91444407397883,68,4,5,3,0,2
9,36,15,108.22709436743342,82,7,71,3,0,2
10,40,25,67.04959880892244,68,2,83,3,0,0
11,28,30,97.17590285710999,98,5,31,2,0,2
12,28,14,21.31705392360664,93,4,52,3,0,0
13,41,7,102.69248603324048,88,7,88,3,1,2
14,53,17,138.7273031849108,22,3,23,2,0,1
15,57,44,99.6345508848265,66,7,48,3,0,2
16,41,20,133.58081715062485,44,9,40,5,0,1
17,20,36,114.1164972105922,6,1,6,5,0,1
18,39,9,35.67259413247973,42,8,38,4,1,0
19,19,38,137.3189299471594,25,8,41,5,0,1
20,41,48,28.637699766250734,57,9,27,1,1,3
21,61,57,89.4157714312093,85,9,75,1,1,3
22,47,22,38.477826093149496,55,5,69,1,0,0
23,55,54,21.52185939501753,16,3,57,2,0,3
24,19,53,74.86445381659307,95,3,17,5,0,3
25,38,53,58.35529199504031,14,5,71,1,0,3
26,50,2,83.1800641936884,39,4,47,4,0,0
27,29,24,95.0359852754916,28,5,79,2,0,1
28,39,8,25.686079400163155,96,6,13,4,1,0
29,61,11,35.99042836608693,92,6,11,5,0,0
30,42,13,92.62351153855529,51,8,86,3,0,0
31,66,17,64.61175591244557,49,7,24,4,0,0
32,44,8,114.79255338142823,9,5,73,3,0,1
33,59,21,104.79791431695216,58,5,4,2,0,2
34,45,18,129.9285671886879,45,4,46,4,0,2
35,33,30,110.02406746699928,22,0,18,4,0,1
36,32,18,75.89104006071926,32,8,43,2,1,0
37,64,46,107.48566091127621,69,8,80,2,1,2
38,68,47,55.79955265320441,87,8,33,1,1,3
39,61,31,59.82075484116765,69,7,10,5,0,3
40,69,38,122.56807078970313,42,9,73,4,0,1
41,20,32,78.03453713220568,53,2,59,4,0,3
42,54,11,123.78944426738582,96,0,31,2,1,2
43,68,45,126.9149085768762,59,7,28,2,1,2
44,24,25,131.4831038959669,74,6,60,5,0,2
45,38,33,139.16258065935693,39,4,3,2,0,1
46,26,38,76.0280786667285,15,9,55,3,0,1
47,56,41,61.45268638174805,71,6,14,3,0,3
48,35,8,95.6858370572348,29,9,58,3,1,0
49,21,11,68.25241504689158,3,3,89,3,0,0
50,42,22,98.13964168403028,83,8,15,5,0,2
51,31,51,111.7261621436972,10,9,2,4,0,1
52,67,24,109.49265240397779,92,1,24,3,0,2
53,26,41,68.69187531261578,29,8,78,2,1,3
54,43,17,41.69182622083787,79,8,64,3,0,0
55,19,12,75.96881400008698,35,4,71,5,0,0
56,37,57,38.537238730648134,6,0,24,2,0,3
57,45,46,135.71261457389508,12,6,27,3,0,1
58,64,32,64.96406989592145,38,9,37,4,0,3
59,24,15,40.07976713903209,77,9,39,2,1,0
60,61,16,23.308208787747613,93,3,63,2,0,0
61,25,54,103.95691021724295,19,8,79,4,0,1
62,64,22,102.79730126911662,67,5,26,2,0,2
63,52,28,64.27854165556792,8,2,65,3,0,1
64,31,20,29.322545550194633,8,5,4,2,0,0
65,34,33,73.25175633638017,84,9,29,3,0,2
66,53,10,60.45827435824116,47,5,1,4,0,0
67,67,40,108.02568316555121,4,4,50,1,0,1
68,57,32,98.75130242884974,51,1,86,4,0,1
69,21,50,67.3971846656802,85,9,11,3,0,3
70,19,33,48.32603205314871,67,9,74,5,0,3
71,23,2,148.44467560022693,45,1,59,4,0,2
72,59,33,79.02021075549493,8,6,62,5,0,1
73,21,33,109.47565065143081,87,1,81,5,0,2
74,46,41,38.271885785186896,16,5,36,3,0,3
75,35,13,83.12666095572172,77,4,56,3,0,0
76,43,30,23.579773583030512,67,3,21,1,0,3
77,61,33,85.7091653283585,9,6,13,2,1,1
78,51,13,145.3222629253013,60,7,9,4,0,2
79,27,52,69.94687268815403,78,3,11,3,0,3
80,53,26,25.06948163473851,77,0,75,4,0,0
81,31,22,24.024252819514658,71,0,70,5,0,0
82,48,39,70.43827879309303,15,0,1,2,0,1
83,65,2,40.80324174021523,71,0,70,1,1,0
84,32,38,23.035772522664168,98,4,77,4,0,3
85,25,39,118.307769813523,41,3,86,2,0,1
86,31,26,79.60799115464579,22,8,56,1,1,1
87,40,46,57.60182035644509,24,2,31,4,0,3
88,57,58,137.0108137921425,44,6,86,2,1,1
89,38,50,35.09806482606833,1,7,37,3,0,3
90,33,15,144.2694477641915,10,5,47,4,0,1
91,62,34,60.81567325905587,80,9,78,2,1,3
92,35,42,135.49247740012856,72,0,47,1,0,2
93,64,55,98.38257394233,56,7,69,2,1,3
94,41,44,127.47195676639338,89,9,58,3,0,2
95,43,49,147.92171121736035,50,2,36,4,0,1
96,42,40,57.492706916436944,12,7,32,4,0,3
97,62,11,144.94761310298708,89,3,64,4,0,2
98,58,3,70.63264633731464,81,7,71,3,0,0
99,46,59,70.1165476157999,60,0,42,1,0,3
100,32,6,64.25032355308574,26,2,48,4,0,0
101,62,9,90.38298895518608,78,5,74,1,1,0
102,18,6,40.038855613203324,41,8,81,2,1,0
103,42,9,91.98249309654145,36,1,30,1,1,0
104,24,39,90.42162561330052,23,0,21,1,0,1
105,26,31,119.0472356386331,43,9,60,4,0,1
106,41,32,128.37449505188613,6,2,13,5,0,1
107,18,41,77.25737554061513,69,3,1,5,0,3
108,61,50,59.30332241569419,43,4,65,3,0,3
109,25,12,53.713536651222284,25,2,33,3,0,0
110,41,8,45.30109877163335,18,9,38,5,1,0
111,28,8,27.494185685873234,62,1,25,2,1,0
112,68,50,64.51823724851273,13,1,26,4,0,3
113,34,28,55.132199977001825,43,6,77,4,0,0
114,25,20,145.63426016263296,78,8,59,2,1,2
115,52,47,92.5021474125057,28,9,33,2,1,1
116,52,59,65.14601507396598,18,1,41,5,0,3
117,50,7,95.46078812918047,59,6,30,3,0,0
118,22,11,38.09557117494042,60,6,57,2,1,0
119,59,20,77.72568739628638,63,6,49,3,0,0
120,56,16,101.4104617847383,57,2,48,1,0,2
121,58,4,83.55671813301868,92,6,72,4,0,0
122,45,6,72.23124408506214,51,0,49,5,0,0
123,24,58,149.20029055696077,56,9,47,4,0,2
124,26,22,134.44091907936053,27,0,56,5,0,1
125,25,26,101.04277456072721,32,4,65,1,0,1
126,29,3,94.01905695369676,9,1,12,4,0,1
127,51,41,100.68586237719593,96,8,69,1,1,2
128,50,42,46.17057401691632,84,6,88,5,0,3
129,65,14,71.36790662436141,92,3,6,2,0,0
130,40,11,25.12973927581691,97,3,89,4,0,0
131,41,18,81.82098487328747,68,1,65,1,0,0
132,54,54,90.5931959144962,46,4,25,4,0,3
133,52,12,49.60746569341725,98,3,1,4,0,0
134,61,23,145.3237501315168,67,0,32,4,0,2
135,57,12,138.22909942184145,26,7,3,3,0,1
136,39,13,113.87862060926776,8,2,49,1,0,1
137,44,25,89.34026173949714,6,5,19,1,0,1
138,52,45,133.09599075419905,80,3,60,4,0,2
139,18,51,36.98480469705018,24,8,29,2,1,3
140,52,58,122.76627325573504,48,6,50,4,0,1
141,54,19,36.22670581569028,94,8,2,3,0,0
142,64,55,123.2473861314227,45,9,73,5,0,1
143,31,46,55.849783872676404,13,2,56,3,0,3
144,20,36,134.02177553236456,69,0,17,2,0,2
145,18,45,142.7254721973017,25,4,60,4,0,1
146,22,8,39.34347602266503,20,2,36,1,1,0
147,43,29,80.14782865850115,82,5,61,4,0,2
148,31,55,147.52835916114907,82,7,17,2,1,2
149,56,53,82.84296667650906,66,3,49,1,0,3
150,44,55,132.26117792689087,74,4,76,3,0,2
151,26,32,96.53509787707158,45,4,60,5,0,1
152,32,51,68.79288802954824,47,3,20,5,0,3
153,32,44,57.15186221836313,63,3,50,4,0,3
154,43,18,46.419001841191346,76,3,3,3,0,0
155,59,6,119.03376487910064,77,3,43,2,1,2
156,30,18,70.25026588699362,55,3,57,5,0,0
157,68,19,86.46581008609765,75,4,50,3,0,2
158,49,22,84.00231240015366,19,1,68,4,0,1
159,56,37,95.04627380030706,35,1,81,1,0,1
160,66,32,132.5250289311918,53,8,50,4,0,2
161,69,56,147.49611466584582,26,1,37,4,0,1
162,49,41,72.9859471145962,14,5,46,3,0,1
163,21,59,127.5774598738194,45,1,42,5,0,1
164,47,3,119.3886133051133,44,4,15,3,0,2
165,54,28,94.55876368922452,88,3,33,1,0,2
166,40,10,144.28612866955132,65,6,80,3,1,2
167,56,51,46.06168701869236,51,6,11,2,1,3
168,62,35,34.204347340250784,43,5,20,4,0,3
169,32,29,131.01505570420488,86,9,24,5,0,2
170,60,54,77.08947616238729,23,4,64,1,0,3
171,46,15,130.10595104691788,56,0,80,4,0,2
172,53,33,136.10172667540394,19,2,65,3,0,1
173,30,7,28.11948717047929,82,8,88,2,1,0
174,49,12,134.85041918818789,76,0,88,3,0,2
175,24,49,78.28147719802487,55,4,73,4,0,3
176,68,30,86.35622357055018,92,1,86,1,0,2
177,39,21,101.45702644211732,92,3,76,5,0,2
178,45,31,140.42973887491127,60,0,17,4,0,2
179,19,58,22.485092275869324,59,2,89,1,0,3
180,59,24,81.98965088131622,33,9,61,4,0,1
181,62,20,109.40386551597288,19,6,15,2,1,1
182,23,37,113.9519045007697,28,9,51,3,0,1
183,45,4,110.02921609982404,52,2,27,5,0,0
184,45,28,37.47656682305584,49,3,86,1,0,0
185,61,44,58.92142648831856,37,1,74,5,0,3
186,61,20,66.63301830421176,26,2,61,5,0,0
187,37,24,124.57683699833565,99,8,58,5,0,2
188,47,50,56.238783413891895,98,2,31,1,0,3
189,28,49,47.39164530273641,99,4,12,1,0,3
190,45,51,144.4682424749525,40,1,46,5,0,1
191,42,32,21.152227064750956,80,3,31,3,0,3
192,56,41,149.71671123865715,38,6,32,4,0,1
193,50,36,107.98676885146143,77,6,32,5,0,2
194,18,58,127.70100892838522,87,2,53,2,0,2
195,44,53,58.30052152500511,54,4,61,5,0,3
196,69,34,21.8609860967178,22,0,46,1,0,3
197,30,36,115.92303741299891,16,9,85,4,0,1
198,58,2,128.43879761008785,28,9,74,2,1,1
199,20,15,116.26189715395749,35,9,80,4,0,1
200,56,34,38.57053734910902,60,0,7,4,0,3
201,23,36,117.94562989340598,45,4,4,2,0,1
202,25,6,119.95996167399333,46,9,52,5,0,2
203,44,39,105.61026703710714,72,8,89,5,0,2
204,26,42,119.5950712634262,55,0,31,5,0,2
205,54,51,129.9697871581052,86,0,75,3,0,2
206,50,51,99.7685348508696,85,3,84,5,0,2
207,68,58,31.51861281605828,26,3,36,2,0,3
208,59,54,83.39161525673741,85,1,54,3,0,3
209,61,12,30.09441350730866,25,8,54,5,0,0
210,41,3,72.98059403421601,65,8,17,3,0,0
211,32,45,72.9238435863316,6,1,75,2,0,1
212,49,18,28.581279738231405,23,8,30,5,0,0
213,49,40,65.34666941603231,64,5,22,1,0,3
214,41,21,34.429752842870926,87,7,43,2,1,0
215,58,15,125.07057730119888,43,9,27,4,0,1
216,69,33,143.19944337538118,23,3,37,4,0,1
217,66,35,29.40114178353202,96,1,46,2,0,3
218,66,26,144.1649769479212,30,1,35,4,0,1
219,69,8,87.93495791377687,77,8,4,2,1,0
220,29,36,58.94353813400361,18,0,80,1,0,3
221,56,48,29.992069785901258,87,6,80,2,1,3
222,19,30,85.08115484915432,79,2,85,5,0,2
223,20,23,123.28702078379733,97,2,26,5,0,2
224,66,42,111.92124204467076,21,1,19,3,0,1
225,54,44,26.529381490316588,57,9,81,4,0,3
226,66,14,29.47723859782746,23,5,45,4,0,0
227,34,14,72.37352674224283,91,9,26,2,1,0
228,66,2,58.387764226232626,45,1,22,4,0,0
229,19,55,50.209961997286214,44,9,58,5,0,3
230,19,37,56.53058485813277,82,3,63,1,0,3
231,45,5,124.452756628595,88,9,28,2,1,2
232,40,38,140.799646972141,47,8,65,4,0,1
233,54,45,72.66335028858364,40,8,44,5,0,3
234,49,41,137.79443027722462,51,5,43,3,0,2
235,50,54,61.79444116222466,42,3,37,4,0,3
236,18,47,81.93680822469291,7,6,66,1,1,1
237,36,14,49.38376971607997,50,0,17,1,0,0
238,19,56,103.26188548285971,48,3,40,4,0,3
239,61,39,147.26754497272515,84,4,38,4,0,2
240,43,25,98.45410248563923,91,7,85,5,0,2
241,49,20,66.51583093476135,6,1,61,4,0,1
242,23,2,104.21626797876868,91,4,9,3,0,2
243,49,39,35.979688200500384,9,5,77,5,0,3
244,21,6,135.52568043450182,57,4,75,2,1,2
245,28,17,85.40091360137873,31,8,61,3,0,0
246,34,59,78.41546646515347,21,9,80,5,0,3
247,55,25,96.1624224989575,90,0,16,5,0,2
248,41,57,101.22190216262231,40,2,2,1,0,3
249,22,28,29.33085480944669,45,1,72,5,0,0
250,69,2,108.74023875904231,77,2,43,3,0,2
251,51,35,51.45111844101885,49,9,42,4,0,3
252,23,37,112.81384222585667,87,8,77,3,0,2
253,39,5,126.92952326994558,20,8,57,2,1,1
254,28,1,124.51460598182764,92,9,81,5,1,2
255,65,40,91.82512576302558,17,1,88,5,0,1
256,33,12,87.62208600039766,28,2,67,5,0,0
257,50,56,38.57387497412353,41,3,30,5,0,3
258,26,36,120.79499955240763,66,8,13,1,1,2
259,23,45,55.283219458072864,25,2,19,1,0,3
260,33,23,84.57040496633304,58,6,7,4,0,0
261,46,47,56.955632080577175,41,2,9,5,0,3
262,20,31,37.39768718996011,6,6,83,2,1,3
263,37,11,101.84250059592576,75,6,54,4,0,2
264,53,10,27.0631645269775,38,8,86,5,1,0
265,36,3,117.323880436406,6,1,82,1,1,1
266,43,54,61.28628338394517,45,5,61,2,0,3
267,20,14,20.01751009058309,75,8,87,4,0,0
268,36,16,86.44678810083987,14,1,2,2,0,1
269,37,10,26.090748108588407,66,1,50,5,0,0
270,49,29,55.90204251671693,40,4,75,3,0,0
271,24,10,111.90694336924311,3,9,31,2,1,1
272,69,12,28.149650810842562,99,9,33,2,1,0
273,58,30,129.1140040062803,97,9,78,1,1,2
274,50,41,20.496589945615803,24,7,80,5,0,3
275,57,1,52.08710299624729,19,8,11,2,1,0
276,56,5,116.31752729976928,18,1,33,5,0,1
277,35,20,61.11511946480988,64,4,7,1,0,0
278,57,8,33.24601044858176,88,6,31,5,1,0
279,18,43,66.83040944405562,35,5,48,1,0,3
280,28,12,55.15112722998832,62,5,47,1,0,0
281,45,1,129.55254728087215,1,6,78,4,0,1
282,42,57,60.73522928606861,25,2,53,5,0,3
283,67,54,122.56122133088094,45,2,80,3,0,1
284,40,20,135.9433788253955,49,9,19,4,0,2
285,48,28,76.39626454494885,98,8,81,1,1,2
286,47,57,138.29260870107095,89,7,6,3,0,2
287,59,43,69.05134701521507,16,4,49,2,0,1
288,52,37,145.33019414371407,98,5,73,2,0,2
289,24,47,31.60763818832448,93,9,50,4,0,3
290,33,37,109.31250464542155,19,0,81,3,0,1
291,43,12,84.19582525940072,23,9,12,5,0,0
292,65,37,70.39434470923412,83,0,23,3,0,3
293,69,49,102.25254423731812,25,3,54,4,0,1
294,66,49,111.50142191246306,16,1,69,5,0,1
295,19,56,20.56722505454018,54,6,59,5,0,3
296,18,44,41.703901537135835,73,1,36,2,0,3
297,65,56,112.69598658246143,1,9,3,3,0,1
298,29,28,106.63010376516684,42,1,58,5,0,1
299,22,47,145.58617566672802,19,4,88,4,0,1
300,54,15,118.93491273260179,97,3,55,2,0,2
301,49,6,143.60045200507395,34,7,57,5,1,1
302,26,44,111.3302651995249,80,3,17,3,0,2
303,58,59,58.74678712312761,55,5,39,2,0,3
304,52,20,33.69743989261134,18,4,68,3,0,0
305,36,50,121.63710223484162,34,1,55,3,0,1
306,65,14,103.73939879186906,89,7,45,3,0,2
307,33,2,26.26418161112851,45,1,76,2,1,0
308,20,9,66.80656056712718,6,8,1,5,0,0
309,37,37,144.3839760129572,21,8,21,1,1,1
310,41,20,85.05214894232616,70,2,83,5,0,2
311,50,26,76.25478768256161,96,3,21,2,0,2
312,41,29,79.50094867070823,48,7,52,1,1,0
313,69,1,47.154754120671285,39,8,82,1,1,0
314,28,55,67.93193221242338,31,2,43,1,0,3
315,66,35,68.07572327833296,10,4,52,4,0,1
316,25,6,26.806152624371414,30,7,67,2,1,0
317,53,37,119.78379170732937,18,2,44,4,0,1
318,55,53,74.14557614750427,60,6,32,1,1,3
319,57,59,126.88338528613502,88,7,10,4,0,2
320,37,5,130.5452401455864,73,9,64,4,0,2
321,52,33,47.559227110825546,95,2,79,2,0,3
322,65,49,105.45595268211672,15,1,69,3,0,1
323,42,51,81.39663454118762,4,9,68,4,0,1
324,52,14,134.42037592979307,63,6,28,4,0,2
325,42,12,48.04628829293904,40,8,53,1,1,0
326,46,42,108.11571604030574,9,0,51,1,0,1
327,35,20,99.00777589285393,9,2,53,1,0,1
328,63,53,58.38919208433826,26,4,4,5,0,3
329,35,50,37.75811747465244,4,2,79,4,0,3
330,19,24,104.71316886204595,81,0,17,1,0,2
331,52,59,116.01766955720299,16,6,67,2,1,1
332,33,43,61.0315546892355,15,6,74,5,0,3
333,58,34,103.82823852290079,99,9,47,3,0,2
334,53,25,71.36701798949542,52,7,56,4,0,0
335,50,50,112.7168948267403,69,4,23,4,0,2
336,21,29,45.8979857362269,5,9,18,2,1,1
337,50,57,135.72795034270268,20,4,1,3,0,1
338,31,39,57.363247540525364,79,4,35,3,0,3
339,38,31,67.81217840829987,18,0,64,5,0,1
340,65,56,27.551953770445472,2,9,58,4,0,3
341,37,47,34.49658760176593,93,4,59,1,0,3
342,25,43,87.06204735260266,13,5,1,2,0,1
343,24,50,54.787047974636295,4,0,3,2,0,3
344,20,23,128.61242934648527,42,6,67,2,1,1
345,34,44,21.910140525144,74,0,37,2,0,3
346,50,38,69.28222632735171,61,1,83,1,0,3
347,65,20,63.85492107998205,95,1,29,1,0,0
348,29,23,22.512592019288135,8,4,89,5,0,0
349,68,45,36.16789187006633,67,9,33,4,0,3
350,39,52,73.77354773942258,63,6,61,1,1,3
351,39,16,84.07239597816806,9,0,4,5,0,1
352,63,50,72.55766714313299,94,9,14,3,0,3
353,47,42,89.0218981935722,11,0,33,4,0,1
354,55,55,97.3671177377386,99,0,22,1,0,2
355,55,8,21.29009674661863,42,5,48,3,0,0
356,62,50,80.33237072895551,13,1,3,5,0,1
357,68,21,145.25490131538646,36,0,87,1,0,1
358,25,1,87.47419641684134,13,5,85,1,1,0
359,44,55,108.08049476966391,12,1,23,3,0,1
360,44,8,60.542301529194816,37,5,68,1,1,0
361,51,29,120.61887915985913,74,9,21,2,1,2
362,38,32,120.47979264389497,73,7,43,1,1,2
363,47,38,87.76848619503807,52,1,85,4,0,3
364,50,5,146.88179702629776,71,8,26,3,0,2
365,45,47,36.32152791914494,2,7,41,4,0,3
366,64,22,22.20319643564553,56,9,38,5,0,0
367,50,47,120.12056752842248,60,0,88,4,0,2
368,22,34,124.93021985743474,23,6,11,2,1,1
369,65,1,35.626939785674914,40,9,29,2,1,0
370,36,55,54.52576828461879,64,5,60,4,0,3
371,21,55,22.28180723766176,85,5,67,5,0,3
372,52,26,58.13011940147341,23,5,65,1,0,0
373,66,43,120.5084436094273,29,5,61,2,0,1
374,34,10,87.33486860263527,78,9,19,4,1,0
375,61,30,65.25242711187745,90,6,46,4,0,2
376,45,50,68.32610833782294,51,2,49,4,0,3
377,47,18,20.17597134301086,69,5,22,1,0,0
378,46,17,58.974068583480665,95,2,78,3,0,0
379,63,26,104.03963641293096,89,6,57,5,0,2
380,23,8,146.6452776961264,31,6,14,3,0,1
381,52,47,130.11790750790692,50,7,44,5,0,1
382,58,40,23.067345403918786,20,1,16,5,0,3
383,54,49,136.81287860772912,55,8,77,4,0,2
384,41,12,121.81579372882138,81,4,12,2,0,2
385,46,27,121.44889606422745,2,8,55,4,0,1
386,66,8,79.5394486704643,25,9,51,1,1,0
387,63,25,71.74068808408536,13,4,39,5,0,1
388,48,46,59.37904474831504,92,6,33,2,1,3
389,52,4,28.54033166406755,70,8,33,5,0,0
390,50,33,49.67059725418088,67,3,29,5,0,3
391,69,1,52.058472547143204,58,1,69,4,0,0
392,38,19,82.93001906232621,99,8,70,2,1,2
393,49,31,117.16777285757021,82,1,31,2,0,2
394,40,16,81.59527769173306,75,2,80,5,0,0
395,50,14,27.519778428130877,84,9,31,2,1,0
396,20,53,144.5126741284665,64,1,89,2,0,2
397,35,48,142.55416148223458,69,2,46,4,0,2
398,42,5,122.07464060929308,83,5,77,3,0,2
399,59,41,148.87262720334869,86,2,52,1,0,2
400,48,26,90.78270326403418,59,9,10,3,0,2
401,20,28,145.1598855329168,60,7,88,2,1,2
402,57,2,29.8286552801776,83,5,74,5,0,0
403,63,50,67.53849727397827,62,6,41,1,1,3
404,41,6,49.299564840879555,16,0,77,1,1,0
405,67,9,45.45830093745511,88,2,3,5,0,0
406,49,33,38.30438335604789,68,2,59,1,0,3
407,64,41,100.91377340357957,15,1,52,5,0,1
408,39,25,121.57184124714966,89,6,34,1,1,2
409,40,48,95.17879192464689,55,8,49,3,0,3
410,19,13,39.105152246467256,35,3,28,1,0,0
411,44,9,125.44609009135122,55,4,83,4,0,2
412,59,53,102.6741119312847,14,2,87,5,0,1
413,19,13,70.46154179650941,49,8,13,1,1,0
414,43,31,107.63693841968818,83,3,69,5,0,2
415,34,41,53.78764730156827,7,4,67,4,0,3
416,57,11,64.87498710424737,30,0,61,1,1,0
417,50,4,139.27315960715873,83,1,60,1,1,2
418,26,34,57.76558573728465,49,8,71,4,0,3
419,60,38,81.09847486053175,89,1,24,4,0,2
420,65,46,135.7183478614819,16,4,63,4,0,1
421,56,4,112.00377553477857,51,7,86,5,0,0
422,46,38,28.08641940141136,72,2,61,4,0,3
423,59,19,39.149395756266145,82,5,23,5,0,0
424,43,6,21.019406800349188,92,3,30,3,0,0
425,52,34,102.01983272979125,80,6,60,1,1,2
426,67,18,78.19754530335439,83,9,18,1,1,0
427,42,13,37.45573061729582,42,2,56,2,0,0
428,41,41,144.53143573738015,17,5,53,3,0,1
429,30,23,88.85576411293059,63,9,7,4,0,2
430,24,19,51.4461282346756,45,8,69,4,0,0
431,53,45,85.07846425011198,77,9,72,3,0,3
432,62,11,108.35064325556401,7,0,79,4,0,1
433,37,1,29.911098336563384,27,2,52,2,1,0
434,18,24,55.71149595622596,10,1,4,5,0,1
435,25,54,124.90551381491917,34,7,34,1,1,1
436,63,7,79.75643315234596,36,6,69,3,0,0
437,33,25,91.05502846419834,25,1,33,1,0,1
438,31,21,76.266080287231,6,5,69,5,0,1
439,29,15,25.706992543590665,24,2,38,3,0,0
440,68,1,41.54747137662027,18,7,26,5,0,0
441,40,12,77.92041303644581,87,9,1,4,0,0
442,32,58,47.194110503030615,6,2,4,4,0,3
443,45,7,26.497273725758234,29,9,39,4,0,0
444,51,15,129.67445632673707,25,8,54,5,0,1
445,19,21,147.55502879133508,55,0,33,5,0,2
446,49,19,123.10857361957613,81,4,33,5,0,2
447,40,29,130.9920398216067,46,2,72,1,0,1
448,39,25,51.4570269412159,24,5,20,5,0,0
449,68,33,144.88150681671596,75,9,16,4,0,2
450,42,49,45.60034157894569,26,1,21,2,0,3
451,39,32,143.68587534703818,98,8,45,5,0,2
452,39,49,149.32650821557363,28,5,87,2,0,1
453,66,35,112.52396474698634,3,6,82,4,0,1
454,69,44,147.54868513293684,75,4,62,5,0,2
455,59,38,94.04017134372347,38,8,31,1,1,1
456,23,26,53.74043181289174,61,0,42,1,0,0
457,32,11,76.80946513653072,78,4,12,2,1,0
458,60,35,97.16292159924217,51,9,65,1,1,1
459,54,8,29.50060306351195,90,5,73,1,1,0
460,50,46,100.90462440024199,48,6,3,1,1,1
461,25,14,147.55311877909827,21,3,9,4,0,1
462,61,10,44.71399447188459,54,0,51,1,1,0
463,61,2,123.03736511748983,56,7,16,3,0,2
464,22,46,138.0268431913505,94,9,88,5,0,2
465,56,9,142.6812070666287,59,3,78,1,1,2
466,21,3,144.81762857270814,72,2,3,1,1,2
467,23,21,87.78975303379136,51,6,24,1,1,0
468,62,26,147.05002803889548,20,1,73,3,0,1
469,49,8,118.45032692747705,96,7,13,1,1,2
470,69,48,41.017286710805045,86,5,2,1,0,3
471,47,2,81.9970138408361,59,6,71,5,0,0
472,64,6,113.38305279836051,71,4,21,3,0,2
473,52,28,52.154241056480835,9,8,19,3,0,1
474,57,53,103.27997386135536,1,4,89,1,0,1
475,69,29,106.6580622760605,29,4,47,3,0,1
476,33,26,41.15096669511357,63,2,22,2,0,0
477,30,25,93.46109061885832,72,0,75,3,0,2
478,67,12,120.31149842721901,56,1,33,3,0,2
479,59,5,84.85643638967245,68,7,32,3,1,0
480,47,34,21.573405180893964,35,0,64,4,0,3
481,36,48,21.175000980307985,3,6,85,4,0,3
482,34,37,66.41381471610158,7,4,39,4,0,1
483,36,15,140.40522889613166,27,2,84,3,0,1
484,45,44,49.72798134846914,1,6,72,2,1,3
485,43,36,102.46727955331933,91,8,42,3,0,2
486,54,15,48.869863190131674,80,1,9,1,0,0
487,43,43,61.81709865574132,71,7,25,2,1,3
488,40,48,130.2454716481929,44,8,89,4,0,1
489,26,23,114.75198749509309,87,2,2,5,0,2
490,29,6,32.401906050717386,41,1,19,2,1,0
491,18,46,75.73126272823637,75,6,20,4,0,3
492,18,50,23.79206927388438,42,4,70,2,0,3
493,64,44,82.51571905839117,33,4,17,2,0,3
494,51,59,106.11642152113885,50,9,89,3,0,3
495,49,43,35.4053410677597,63,4,68,1,0,3
496,65,45,57.55504205819154,37,3,84,5,0,3
497,42,21,71.7187613152804,59,4,3,4,0,0
498,57,23,139.53903320528647,81,3,87,2,0,2
499,62,43,149.12315200498531,99,5,51,5,0,2
500,18,55,25.83846886943006,48,3,82,2,0,3
501,33,16,118.93103005440096,5,1,26,1,0,1
502,56,47,68.32412863230462,48,8,56,5,0,3
503,22,53,71.0195642098324,96,1,64,4,0,3
504,39,15,118.05444653511294,3,8,8,2,1,1
505,46,25,139.39543617890314,47,9,81,1,1,2
506,20,36,143.6207172853313,62,5,37,5,0,2
507,29,11,95.0259361849817,99,8,27,2,1,2
508,43,51,66.42575070906537,14,8,45,2,1,3
509,33,15,122.3813811616413,63,2,4,4,0,2
510,68,4,52.63017982409903,61,0,86,1,1,0
511,54,21,93.3296237483573,31,0,88,3,0,1
512,39,13,66.61519999823352,95,2,37,2,0,0
513,46,22,105.3620395820239,17,4,71,5,0,1
514,31,19,51.2518586761559,24,2,33,4,0,0
515,45,34,44.90708294552735,23,8,31,4,0,3
516,22,14,139.3710812678068,82,8,55,2,1,2
517,64,4,33.2344787834398,50,2,12,2,1,0
518,66,48,85.77452800554111,78,2,11,2,0,3
519,47,53,48.710861785191156,79,4,88,3,0,3
520,63,52,25.06089523233677,79,1,72,2,0,3
521,69,46,24.68244637788543,70,5,32,1,0,3
522,22,27,42.77883037375756,27,6,57,5,0,0
523,29,29,132.68014608578005,15,8,38,2,1,1
524,33,47,56.722236717013466,50,5,60,3,0,3
525,43,28,143.55969217478844,36,2,86,5,0,1
526,43,35,95.61089808859516,8,4,19,4,0,1
527,65,8,76.75984466993958,79,3,84,2,1,0
528,38,16,95.4115485070291,3,4,56,5,0,1
529,56,42,87.17079007941481,62,7,14,4,0,3
530,53,36,118.64091298845227,47,7,33,3,0,1
531,50,30,56.7244885764708,77,5,10,1,0,3
532,47,18,65.8965509080393,98,0,80,2,0,0
533,54,2,136.23225932932257,88,7,64,1,1,2
534,40,49,143.03934670955272,96,7,64,3,0,2
535,27,13,136.0325695732417,61,1,62,5,0,2
536,22,4,74.52823921445076,32,3,68,5,0,0
537,53,26,121.44751539089462,94,1,43,3,0,2
538,51,25,81.92364532914284,13,3,80,3,0,1
539,69,30,84.68018077899329,1,9,59,2,1,1
540,48,11,46.60841417744692,34,6,52,4,1,0
541,27,7,96.84693942360714,62,8,19,1,1,0
542,36,31,44.19766670793523,79,7,21,1,1,3
543,49,44,63.10341087873519,78,8,22,5,0,3
544,18,10,131.15392621059158,93,7,9,5,0,2
545,22,39,46.91985519741118,98,1,9,2,0,3
546,62,13,29.250577072546264,82,6,73,3,0,0
547,21,31,28.97098703966612,71,1,27,1,0,3
548,33,7,142.30198766540403,93,1,17,2,1,2
549,41,56,85.8996569350385,31,3,44,5,0,3
550,33,49,73.22356933621239,64,0,45,5,0,3
551,19,42,125.4142155310294,25,4,8,1,0,1
552,66,42,128.65737062836706,38,5,80,5,0,1
553,45,56,63.1848343050286,14,8,18,5,0,3
554,49,36,110.17034747159337,8,9,33,4,0,1
555,44,20,120.24596606074526,91,7,1,3,0,2
556,37,4,105.10458929257409,54,1,76,5,0,0
557,41,54,39.70735972401292,2,0,6,4,0,3
558,29,7,133.8648008572174,81,1,41,2,1,2
559,67,54,90.08229185568113,78,6,55,5,0,3
560,52,1,56.72141542810048,89,3,5,2,1,0
561,50,44,75.27966410690021,56,9,59,5,0,3
562,50,56,24.88424175185796,94,4,80,1,0,3
563,68,45,36.62268415891428,93,6,18,4,0,3
564,60,42,119.52107756706191,84,2,49,4,0,2
565,54,47,20.001512518197597,85,9,82,1,1,3
566,29,59,74.15355770269798,61,1,65,3,0,3
567,20,13,87.9263235411265,22,6,83,4,0,1
568,18,55,27.1024746001264,35,4,54,2,0,3
569,50,22,146.50016118640326,16,0,61,4,0,1
570,57,54,49.39629306245735,50,0,8,3,0,3
571,27,21,59.545833552716516,43,8,3,2,1,0
572,60,22,59.51252659315355,17,4,25,2,0,0
573,61,28,49.954166075255486,80,0,69,1,0,0
574,46,9,20.191596871220483,58,6,55,5,0,0
575,30,26,114.81482323143952,2,8,40,1,1,1
576,29,9,145.6899149739071,4,0,83,5,0,1
577,48,15,49.15815282705586,85,9,82,1,1,0
578,63,10,106.19613493444491,39,3,50,5,0,1
579,19,24,116.44652250463297,98,2,33,4,0,2
580,68,58,130.29529928176822,94,4,18,2,0,2
581,67,57,74.94179561176918,6,6,57,5,0,1
582,52,42,59.3810177332558,81,7,16,4,0,3
583,40,8,62.28836742299404,89,1,80,3,0,0
584,34,24,112.64077330280666,69,6,38,1,1,2
585,43,16,126.18133064573269,69,0,41,3,0,2
586,25,49,43.60981580835835,20,6,7,4,0,3
587,46,26,68.22233106050948,64,7,78,3,0,0
588,43,27,137.2522255773895,16,1,53,3,0,1
589,27,37,124.8701575603161,51,8,63,4,0,2
590,43,4,148.03159235912184,37,0,89,2,1,1
591,51,50,118.0522737586705,73,5,32,5,0,2
592,68,24,71.1153761336299,69,0,38,1,0,0
593,58,19,96.7829184193029,42,2,22,5,0,1
594,24,36,105.93185305215164,57,5,16,1,0,2
595,21,39,30.199256121226114,66,2,52,5,0,3
596,67,10,90.78460468350247,9,7,29,3,1,1
597,62,25,112.21170770143925,86,4,16,2,0,2
598,28,18,41.75176952013785,64,1,76,3,0,0
599,46,19,121.48212326532243,86,3,17,2,0,2
600,53,36,95.89046146683451,22,8,64,4,0,1
601,42,10,143.7888321406873,34,3,89,1,1,1
602,38,33,25.51489876689592,55,9,13,1,1,3
603,53,55,54.4923978822107,29,9,72,4,0,3
604,27,50,98.20200430897712,38,7,56,5,0,1
605,54,5,58.552788586770994,97,4,5,4,0,0
606,26,47,112.87514132926148,18,9,12,4,0,1
607,41,49,118.67068672785103,71,0,41,2,0,2
608,52,35,33.327075328641676,65,6,3,4,0,3
609,66,44,86.8010803468798,97,2,33,1,0,2
610,52,34,86.15577222683727,1,9,86,3,0,1
611,65,33,68.00650012802035,88,7,50,2,1,2
612,53,55,141.28023213405737,4,2,56,2,0,1
613,35,21,127.57582158351876,4,0,9,5,0,1
614,66,17,110.63721964825278,82,4,82,3,0,2
615,56,22,112.86246264554968,27,1,50,2,0,1
616,49,48,80.02309869570549,43,3,29,4,0,3
617,41,37,139.72928774255485,59,0,39,2,0,2
618,40,15,110.2974055429271,32,8,45,2,1,1
619,49,35,114.76753801525614,33,5,17,2,0,1
620,54,28,132.0198174923549,28,7,56,5,0,1
621,29,7,55.62930661448483,55,3,46,2,1,0
622,66,32,124.91921750267139,60,8,67,2,1,2
623,30,11,45.381278384343965,70,1,69,5,0,0
624,40,10,64.89445379183542,62,8,14,3,1,0
625,42,9,63.629359055079554,80,4,67,1,1,0
626,52,14,147.20831089058828,34,5,23,5,0,1
627,58,13,131.3498390872305,87,2,61,5,0,2
628,47,57,111.15208200673376,88,3,23,2,0,2
629,34,25,114.51737901000071,56,5,27,2,0,2
630,66,2,93.06946327233425,13,6,54,1,1,0
631,37,35,143.1217867241075,56,0,10,2,0,2
632,65,7,84.513637874707,18,6,89,4,1,0
633,42,21,69.4673022830863,54,0,77,2,0,0
634,39,18,41.19459380110683,77,4,16,2,0,0
635,30,3,122.20673479393754,43,5,41,4,0,2
636,36,42,115.47771116982689,39,1,55,1,0,1
637,66,54,69.96615500813753,61,9,61,4,0,3
638,53,39,23.275143814699817,42,8,86,5,0,3
639,29,41,129.0696526033414,81,9,81,4,0,2
640,58,49,21.484337849029572,79,5,87,3,0,3
641,36,11,111.48097135177662,18,6,49,5,0,1
642,29,39,146.13342426438743,23,9,73,2,1,1
643,26,24,76.89597265926645,54,7,52,5,0,0
644,24,46,50.546542649473864,30,9,2,1,1,3
645,45,19,111.63323130563963,98,0,50,1,0,2
646,31,4,126.22665846202607,58,7,86,4,1,2
647,48,26,91.03594109012015,68,3,43,5,0,2
648,69,38,145.71458578329901,67,9,77,2,1,2
649,36,42,26.716933815534944,71,7,8,1,1,3
650,64,32,85.62342777958865,18,5,59,2,0,1
651,33,39,113.39901315193151,7,8,65,3,0,1
652,22,45,132.14326124939328,40,3,81,1,0,1
653,52,46,43.30322954801271,70,1,12,4,0,3
654,29,36,124.00045262927858,86,1,4,3,0,2
655,42,40,91.85191984341088,65,4,77,5,0,2
656,69,37,71.55197865869522,68,9,41,2,1,3
657,38,33,37.122953715282165,49,8,7,1,1,3
658,53,36,132.48844865815863,52,2,87,3,0,2
659,40,3,40.445517063363,29,7,88,3,1,0
660,33,9,60.2724216971829,21,3,69,1,1,0
661,56,8,57.705919155116796,90,5,69,5,0,0
662,62,33,133.28382444481105,78,9,81,5,0,2
663,59,59,107.45138924715674,9,5,30,4,0,1
664,56,6,123.5685816348784,47,2,73,5,0,2
665,31,41,52.56082684302487,76,4,6,4,0,3
666,48,39,101.23363294890986,42,2,89,3,0,1
667,22,4,94.32697780868733,51,0,19,1,1,0
668,52,13,128.26794898247525,56,6,80,5,0,2
669,40,49,137.79131786256386,51,3,85,4,0,1
670,46,2,21.580380292060283,70,6,66,3,0,0
671,60,5,107.62258947764305,20,2,10,5,0,1
672,28,44,26.738653885564773,88,4,16,2,0,3
673,35,27,91.35162646005627,27,4,37,3,0,1
674,64,32,57.39225477567817,38,1,79,5,0,3
675,29,21,59.88095793787836,72,9,77,3,0,0
676,26,8,65.88460544880635,65,1,77,1,1,0
677,27,38,100.76801837644932,54,3,32,1,0,2
678,61,8,63.426495536939996,24,3,47,1,1,0
679,34,50,115.25087657673645,47,3,72,2,0,1
680,55,3,72.58856012460306,71,5,43,1,1,0
681,24,54,28.88591604029462,83,1,82,2,0,3
682,63,44,121.88877952293394,86,5,36,1,0,2
683,30,58,57.14858219705178,63,6,26,3,0,3
684,57,3,76.25969434790414,57,9,10,5,1,0
685,59,22,109.1077048188472,55,2,31,5,0,2
686,26,6,63.21930042933256,60,7,29,1,1,0
687,67,2,27.35613529907303,99,1,5,5,0,0
688,44,23,68.60973611166577,62,7,77,1,1,0
689,19,44,142.77831575025945,30,4,1,1,0,1
690,22,2,103.42547164881256,93,1,87,4,0,2
691,46,38,107.2922893267369,22,6,3,4,0,1
692,54,17,102.19667997289318,75,1,67,4,0,2
693,55,35,45.86897806472678,84,5,71,2,0,3
694,36,34,74.38340233329642,29,9,35,4,0,1
695,25,23,117.62217378723138,41,2,15,1,0,1
696,65,30,33.17847668191069,42,8,67,3,0,3
697,62,52,56.120860891662595,98,2,30,4,0,3
698,18,8,55.92148410056097,65,2,82,4,0,0
699,39,22,76.16246058728578,31,4,75,3,0,0
700,69,44,147.44793632248405,30,6,43,1,1,1
701,34,58,28.775331068896854,18,7,60,2,1,3
702,24,36,87.43112926947735,17,6,40,4,0,1
703,42,5,43.31740866158736,38,8,65,3,1,0
704,62,13,146.18795090326674,14,4,29,1,0,1
705,21,29,34.72945561457035,87,9,74,5,0,0
706,53,31,72.46813030700686,89,2,19,2,0,2
707,23,47,115.92504802849881,79,5,3,3,0,2
708,48,57,111.59207564356788,56,4,36,3,0,3
709,36,55,74.9547227962112,22,3,43,3,0,3
710,61,16,65.04814183385338,67,1,15,4,0,0
711,56,42,71.68960921187318,56,6,41,5,0,3
712,44,30,54.355914210623105,19,4,80,2,0,1
713,27,57,46.693282031883975,57,3,36,1,0,3
714,43,55,82.7951606826557,44,7,84,1,1,3
715,36,16,54.90938828878895,98,8,77,5,0,0
716,56,12,57.370016436642516,35,8,33,3,0,0
717,20,17,105.37828825169242,1,2,5,3,0,1
718,62,16,145.90985312098599,52,2,78,3,0,2
719,30,12,98.47283607271876,85,4,87,3,0,2
720,67,8,30.007330718445616,93,4,14,3,0,0
721,45,20,29.82586980102871,70,9,68,5,0,0
722,37,3,143.68501870992358,37,1,83,4,0,1
723,45,16,58.64780273995337,65,0,47,2,0,0
724,25,30,31.968708190721806,51,7,54,3,0,3
725,58,45,97.8757963295496,1,2,4,4,0,1
726,56,23,101.0743411777346,91,0,83,1,0,2
727,18,28,104.30562661542946,21,0,9,5,0,1
728,20,51,54.76226362148037,53,1,53,4,0,3
729,30,40,21.964388947881755,16,5,77,3,0,3
730,45,54,145.45199802908132,61,5,78,3,0,2
731,66,5,52.616095939843326,54,2,60,3,0,0
732,42,20,107.88341744683117,40,3,46,4,0,1
733,50,40,111.86188308423225,26,1,54,3,0,1
734,55,56,99.30096422033314,80,1,74,4,0,3
735,23,44,60.67796124777427,92,6,37,3,0,3
736,61,1,55.242512989328546,65,0,23,1,1,0
737,62,57,97.69687675135141,74,6,27,1,1,3
738,49,30,132.59243236951988,64,0,70,2,0,2
739,62,21,143.07538476004143,43,5,66,3,0,1
740,64,20,33.76775457248849,17,2,61,3,0,0
741,38,6,40.12771963770358,59,7,77,4,1,0
742,33,22,142.81571364180036,23,5,51,4,0,1
743,38,18,115.74957968352304,7,1,50,3,0,1
744,28,8,134.7891972278705,44,7,19,2,1,2
745,54,39,46.34224243759461,53,4,1,3,0,3
746,53,32,96.38616324422225,71,7,40,4,0,2
747,52,33,111.14814727427158,79,7,32,3,0,2
748,36,53,108.41454510810644,34,5,22,4,0,1
749,37,16,73.05971981267075,46,1,66,3,0,0
750,35,12,22.0013359198701,68,7,40,5,0,0
751,64,38,95.7803873845542,78,5,38,4,0,2
752,58,52,52.90320009334914,78,5,48,2,0,3
753,66,34,78.53305199857574,16,7,55,5,0,1
754,31,14,144.48553196089625,71,0,75,3,0,2
755,32,36,71.87459129351652,96,1,81,4,0,2
756,48,33,129.17420886637547,19,8,55,5,0,1
757,18,23,44.51027874740265,2,7,51,2,1,0
758,20,50,107.41986474325375,10,6,60,4,0,1
759,33,45,147.01090407706266,50,6,8,5,0,1
760,40,2,33.24610311348178,81,4,86,5,0,0
761,28,41,21.081592489534962,12,1,68,5,0,3
762,29,21,76.36576304223986,70,5,75,1,0,0
763,27,2,32.04131279667774,22,9,72,3,1,0
764,49,27,117.28996545791007,32,2,9,4,0,1
765,33,57,138.89132630031264,84,3,2,4,0,2
766,25,9,76.42272645213865,1,9,80,4,0,1
767,55,1,53.63251348020732,54,1,70,5,0,0
768,29,11,76.47243147085928,58,1,85,3,0,0
769,41,3,114.04821632050013,70,7,59,2,1,2
770,45,52,21.177041005448228,83,7,19,4,0,3
771,25,23,96.62901863301063,18,9,28,3,0,1
772,45,26,99.72791903535928,6,5,72,3,0,1
773,53,4,102.89947209647161,45,4,14,1,1,0
774,43,18,51.46287039751404,97,7,24,4,0,0
775,25,55,112.82685403915647,23,3,44,5,0,1
776,67,6,31.880893223130933,23,3,56,3,0,0
777,45,35,45.90514374068411,26,4,51,3,0,3
778,45,22,134.07110606508263,77,0,32,2,0,2
779,54,43,116.03400959445362,7,0,50,1,0,1
780,58,15,21.786922021474883,79,1,41,3,0,0
781,53,22,52.288913848074024,44,7,66,3,0,0
782,44,37,47.87284278911139,27,6,25,5,0,3
783,34,52,55.204822644806434,26,9,61,5,0,3
784,26,42,52.18277013638523,97,8,66,2,1,3
785,50,12,28.128418446569945,79,4,42,2,0,0
786,37,47,79.66226715758664,36,1,65,2,0,3
787,30,49,115.25535172220147,55,6,36,5,0,2
788,45,42,98.87512421326673,64,7,76,5,0,2
789,65,38,107.47331691775037,91,6,9,1,1,2
790,46,18,30.54939320971109,57,6,36,4,0,0
791,30,45,143.69379232298235,69,4,38,4,0,2
792,63,35,129.0039383995932,61,1,33,1,0,2
793,52,30,124.66174140443616,2,5,42,4,0,1
794,23,24,126.98789465542977,55,3,61,5,0,2
795,35,42,141.252366057259,97,9,46,4,0,2
796,68,30,90.7530155947807,80,1,86,5,0,2
797,22,14,46.036662322791365,87,8,89,1,1,0
798,64,6,100.18186902083035,38,6,61,2,1,0
799,42,3,116.57459417683206,80,5,18,1,1,2
800,19,16,115.9292611360233,78,4,70,4,0,2
801,27,7,87.78837314169441,29,2,82,5,0,0
802,47,52,28.899633513365146,26,9,80,4,0,3
803,67,14,68.24468199591661,35,9,15,4,0,0
804,62,9,139.69965910023646,79,3,48,2,1,2
805,22,15,95.97835826846539,67,2,72,4,0,2
806,50,21,89.98315262324274,87,7,13,2,1,2
807,18,35,54.95095686968516,29,2,43,5,0,3
808,35,2,67.89835958915526,34,6,60,5,0,0
809,49,27,136.39499158991202,97,6,57,2,1,2
810,64,2,106.64019617848864,41,6,71,1,1,0
811,66,35,122.36031347780327,41,6,17,5,0,1
812,28,18,79.06490499879516,23,1,50,1,0,1
813,38,14,101.93213852930053,71,9,32,5,0,2
814,43,20,52.28986913661698,3,2,22,5,0,0
815,42,18,111.70990793685321,58,9,55,3,0,2
816,39,10,75.58817338143385,32,8,57,4,0,0
817,44,25,77.53091692591693,31,2,13,4,0,1
818,66,2,104.41190219499461,82,1,47,1,1,2
819,30,25,141.71648079096047,43,8,87,4,0,1
820,50,54,28.320825059120722,7,9,62,1,1,3
821,51,33,127.21662085511099,1,8,54,5,0,1
822,58,36,58.0098043535851,61,3,29,3,0,3
823,52,31,77.70952908582912,14,8,22,3,0,1
824,18,14,22.848732740751164,52,2,65,5,0,0
825,38,1,59.1359901184607,96,6,29,2,1,0
826,65,46,85.34206154191696,6,6,48,2,1,1
827,23,16,27.302890055167072,10,7,5,4,0,0
828,45,54,83.84244481981148,71,9,35,1,1,3
829,34,46,140.52438175159557,90,3,74,3,0,2
830,22,52,33.70111835401468,98,2,83,4,0,3
831,48,3,119.37729464981557,30,2,71,5,0,1
832,22,35,73.25723693887903,21,4,46,3,0,1
833,55,41,105.17258288816394,60,0,35,1,0,2
834,20,6,53.83075773807982,81,9,45,1,1,0
835,40,25,40.73399413037657,97,2,13,2,0,0
836,54,13,40.86013985525943,74,5,10,4,0,0
837,54,53,29.163952933608805,63,2,66,5,0,3
838,27,34,44.1340716371616,42,4,70,3,0,3
839,27,8,106.34852004856587,51,8,72,1,1,0
840,36,21,134.61977953965607,64,1,25,3,0,2
841,34,34,125.83633912685104,76,1,44,5,0,2
842,38,4,109.06746028368293,56,5,60,3,0,0
843,31,25,34.356142243443344,80,5,47,4,0,0
844,26,15,57.59436801847348,41,7,40,2,1,0
845,63,4,60.27489379192097,32,1,7,3,0,0
846,18,45,52.49440303169076,15,8,46,2,1,3
847,68,12,86.950735762264,62,1,23,5,0,0
848,62,32,89.62199593435743,27,0,83,2,0,1
849,30,32,66.39517677224433,28,9,46,3,0,1
850,21,28,65.99259063573669,81,1,86,3,0,0
851,18,13,127.71222772779058,64,6,13,1,1,2
852,66,31,122.60807028155912,59,7,21,3,0,2
853,57,14,60.013458118496935,58,4,1,2,0,0
854,49,20,138.7924977035237,2,5,19,1,0,1
855,51,18,143.8659522103258,36,0,60,3,0,1
856,45,29,62.476530463905306,71,5,33,3,0,0
857,48,6,66.07524334309713,13,7,4,5,1,0
858,25,32,85.73243994485465,15,2,3,1,0,1
859,56,29,142.34570562937756,89,0,52,5,0,2
860,43,43,133.92152630850052,87,3,28,5,0,2
861,51,2,33.33383513586668,60,0,70,5,0,0
862,20,23,71.0549966252841,22,7,70,4,0,1
863,67,19,91.93825466747035,63,4,55,5,0,2
864,29,31,85.40722143170021,90,0,57,2,0,2
865,18,51,45.202198831796046,97,7,87,3,0,3
866,61,5,131.64618025186013,75,8,16,4,1,2
867,22,19,108.00230178958886,74,9,24,5,0,2
868,47,34,128.9280887307345,25,1,69,3,0,1
869,47,10,131.63935631543137,48,8,41,1,1,2
870,34,25,117.28626097654617,43,7,77,1,1,1
871,65,2,77.09737816246326,38,6,47,3,0,0
872,64,11,99.3710781520052,41,2,76,2,1,0
873,40,50,40.84750279556661,45,1,69,3,0,3
874,32,31,107.573904271738,88,6,31,3,0,2
875,54,56,43.3029232461065,40,4,30,4,0,3
876,38,15,110.21344676632039,97,5,18,1,0,2
877,31,9,49.84776089801593,17,3,44,1,1,0
878,19,23,35.28166901952859,88,1,27,5,0,0
879,28,19,41.48698371858447,57,8,26,3,0,0
880,68,9,20.258977578479136,2,2,60,3,0,0
881,56,35,113.43615032095893,96,6,18,2,1,2
882,55,21,115.21213637758929,62,7,89,1,1,2
883,51,9,86.94133548872372,88,1,56,2,1,2
884,55,28,40.97716413719988,9,5,31,4,0,0
885,67,46,30.86206387638967,68,7,59,5,0,3
886,51,51,22.48676563684731,81,6,2,2,1,3
887,35,7,41.54726300547869,17,2,39,1,1,0
888,47,16,135.81121954780906,50,0,61,4,0,2
889,32,16,51.39978942121863,94,5,63,3,0,0
890,44,33,66.05527253823803,40,7,18,4,0,3
891,68,4,33.694912982573314,58,5,17,2,1,0
892,51,4,48.906969617262135,75,4,39,1,1,0
893,69,39,87.49919420142666,85,7,71,2,1,2
894,55,40,99.00784880243484,21,1,54,3,0,1
895,50,17,51.89580084160744,18,0,76,3,0,0
896,41,37,27.50518069926524,55,0,35,1,0,3
897,32,39,70.83427298656183,29,3,11,5,0,3
898,47,52,50.44643822042344,24,5,61,4,0,3
899,59,29,48.542010019874255,74,8,44,4,0,0
900,68,52,144.7821643527492,17,0,68,3,0,1
901,34,36,100.11906317034413,18,0,25,2,0,1
902,22,38,92.39419761237247,42,4,48,2,0,1
903,46,39,74.05076345803185,84,9,32,5,0,3
904,21,50,75.76276334591876,45,4,84,2,0,3
905,27,37,90.31765049895051,82,4,4,4,0,2
906,34,52,110.53587491469393,17,9,38,2,1,1
907,27,35,111.27899250363782,73,5,63,5,0,2
908,34,7,42.320208001708444,14,7,47,4,1,0
909,37,27,85.0146577699615,49,2,1,2,0,0
910,41,28,73.55455235443326,29,8,3,4,0,1
911,22,22,133.16850561501994,95,0,86,3,0,2
912,51,14,102.08445975838893,4,3,62,3,0,1
913,23,7,89.22552863407763,82,8,64,3,1,0
914,19,37,35.00130348325926,20,7,17,2,1,3
915,30,22,98.73292561204349,47,9,78,5,0,1
916,60,5,35.23650773843035,9,8,62,4,1,0
917,60,55,63.83685482354777,77,0,35,1,0,3
918,65,2,38.56945542586314,79,8,13,3,1,0
919,28,27,109.96957411316797,27,2,35,3,0,1
920,68,21,46.812774798699834,15,9,43,1,1,0
921,64,54,70.94171851444338,92,8,2,1,1,3
922,40,38,136.43772109044124,19,0,56,2,0,1
923,33,15,46.56112984186613,90,0,77,4,0,0
924,48,21,86.01465831464128,52,8,51,3,0,0
925,28,10,74.50531595158286,26,5,54,5,0,0
926,33,23,22.356125335944867,89,3,16,2,0,0
927,25,58,123.05855476446567,26,6,18,2,1,1
928,21,56,28.975967820897964,26,4,7,5,0,3
929,57,39,81.65315272700397,46,9,45,5,0,3
930,21,5,92.8881783420635,92,6,36,5,1,2
931,42,1,101.69543935989631,49,7,41,1,1,0
932,20,13,109.52211181002383,82,7,42,3,0,2
933,49,21,52.925409857952964,96,0,7,1,0,0
934,20,26,21.29724096559842,53,7,15,3,0,0
935,44,50,114.04767610613855,3,5,60,1,0,1
936,46,45,89.63535791518521,66,3,40,4,0,3
937,49,21,128.69530141694236,97,7,83,3,0,2
938,67,53,126.78048717709025,42,2,37,2,0,1
939,68,18,129.6324018124248,19,3,66,3,0,1
940,36,37,83.06230579734023,17,5,55,3,0,1
941,38,45,63.37169145879253,33,6,77,3,0,3
942,22,32,122.9025663368781,76,3,80,4,0,2
943,35,36,78.66823469380314,49,3,56,1,0,3
944,45,17,43.847485532446484,56,6,44,2,1,0
945,59,35,131.14662254299168,63,5,57,1,0,2
946,39,49,134.73278398040515,3,7,6,1,1,1
947,38,11,80.62026829822211,49,0,32,5,0,0
948,23,21,29.84096455027237,55,9,74,4,0,0
949,18,52,70.41739168920105,26,6,18,5,0,3
950,22,55,124.45989573013844,99,6,68,4,0,2
951,58,53,137.23062371100974,72,6,73,1,1,2
952,29,26,46.45145652468746,52,6,7,1,1,0
953,43,4,28.7065695632853,7,9,8,4,0,0
954,63,34,134.05555890726902,46,9,64,1,1,1
955,51,52,70.62264206725379,46,7,7,1,1,3
956,66,48,90.42892535478322,16,8,41,2,1,1
957,31,18,145.84855556659866,24,8,40,5,0,1
958,43,40,28.65341462884897,61,1,3,5,0,3
959,62,35,104.28134096877243,54,6,17,5,0,2
960,44,41,29.63370493473272,62,6,66,3,0,3
961,26,29,68.81096070064504,1,3,79,2,0,1
962,43,52,124.49589087514808,49,8,52,5,0,1
963,64,29,76.35139025823247,25,7,22,5,0,1
964,39,38,149.63370600738355,10,0,4,2,0,1
965,64,42,92.67770704305828,80,1,6,1,0,2
966,47,21,61.75107984267395,16,1,38,5,0,0
967,60,42,48.61447236761791,58,7,26,1,1,3
968,65,13,65.56766945720103,72,0,11,5,0,0
969,34,49,68.4293255887416,29,3,17,4,0,3
970,43,41,28.932778104114927,92,9,88,3,0,3
971,53,17,68.04464592548051,6,4,31,5,0,1
972,18,56,80.35100756609924,16,8,77,4,0,3
973,25,9,113.95590779104461,20,6,35,2,1,1
974,66,41,105.37483301380904,80,7,16,4,0,2
975,52,1,112.13953517979006,71,8,79,2,1,2
976,69,2,21.08727864399142,78,6,18,5,1,0
977,32,48,48.29676194546968,43,4,62,2,0,3
978,64,29,106.01895749198134,26,4,27,4,0,1
979,39,33,82.91861786336713,90,9,35,3,0,2
980,31,10,20.690751836884974,78,5,45,1,1,0
981,43,50,124.5843035161369,71,4,35,1,0,2
982,45,58,120.46524452774386,33,8,28,3,0,1
983,40,40,91.29449118916314,26,2,9,1,0,1
984,31,21,28.640232350915376,45,2,76,5,0,0
985,41,28,119.646956439236,84,6,15,5,0,2
986,19,11,95.88276640507732,63,6,21,4,1,0
987,62,55,121.6547970305347,67,5,52,4,0,2
988,43,34,117.72710901145925,52,2,35,2,0,2
989,31,8,124.39026935451882,68,6,51,4,1,2
990,68,59,87.34104863260123,26,4,83,5,0,3
991,24,22,38.24218736515695,75,6,55,4,0,0
992,20,8,107.25047153935952,2,1,87,1,1,1
993,64,49,100.66159205675618,14,5,77,2,0,1
994,40,15,116.49291433588134,30,7,44,2,1,1
995,63,17,42.08453078659559,49,0,65,5,0,0
996,60,23,45.3467759870376,12,3,88,4,0,0
997,64,24,135.7532372385127,90,0,80,1,0,2
998,62,45,117.4971137987692,44,0,25,4,0,1
999,35,19,138.06970353104197,33,9,87,3,0,1
1000,55,5,118.63299175130969,13,7,47,4,1,1
1001,52,32,97.63018977873924,78,6,80,5,0,2
1002,68,44,105.03725581362357,88,9,56,4,0,2
1003,32,1,135.5866301122013,98,0,38,2,1,2
1004,42,23,95.24487808655226,26,1,11,1,0,1
1005,54,37,102.21087216269036,21,3,67,5,0,1
1006,45,8,40.34197308046808,28,0,15,3,0,0
1007,27,13,81.60975861509336,48,2,1,1,0,0
1008,56,8,113.13162455455287,40,7,7,1,1,1
1009,34,57,55.2225507811275,66,7,1,2,1,3
1010,56,23,46.29304346818954,73,7,49,2,1,0
1011,39,43,60.79748506917402,87,5,73,2,0,3
1012,43,1,51.39508163906835,79,5,29,5,0,0
1013,61,45,47.93864281473146,77,4,26,4,0,3
1014,42,51,75.23060957285131,23,8,87,1,1,3
1015,34,24,138.01900680485943,81,3,45,4,0,2
1016,30,35,85.91775407603338,48,9,71,4,0,3
1017,37,24,44.42964950599199,2,6,12,2,1,0
1018,42,17,30.00631701951363,84,0,32,4,0,0
1019,21,5,110.50029886793028,20,8,20,1,1,1
1020,27,20,69.76383937673042,59,6,51,1,1,0
1021,20,21,126.8380230560967,46,9,81,3,0,2
1022,58,40,105.73639992330013,3,8,36,5,0,1
1023,62,58,123.5113885703779,55,6,67,4,0,1
1024,35,31,55.35298512439834,12,1,1,5,0,1
1025,64,46,110.00665991993756,40,5,27,5,0,1
1026,53,36,54.32805801018344,66,9,40,5,0,3
1027,64,11,142.0789023285379,78,3,84,5,0,2
1028,39,52,102.72865659933868,16,2,14,1,0,1
1029,51,15,62.18653402279447,83,1,69,4,0,0
1030,64,19,55.036542097995444,34,5,87,3,0,0
1031,25,7,44.820456059313656,44,7,79,5,1,0
1032,57,51,110.30332465618461,6,5,6,3,0,1
1033,66,28,48.433029689730546,77,8,33,1,1,0
1034,61,51,97.38942457057358,64,4,55,1,0,3
1035,36,43,54.402553500296456,22,1,19,2,0,3
1036,59,58,106.05596282320292,18,7,77,5,0,1
1037,58,5,125.94216471027009,12,8,29,2,1,1
1038,54,5,121.14328160880491,52,9,61,3,1,2
1039,23,30,118.91067302100163,94,3,70,4,0,2
1040,69,54,44.40391273999277,51,5,79,2,0,3
1041,43,32,31.490043107987432,71,9,80,1,1,3
1042,51,8,110.86334770336013,96,7,24,5,0,2
1043,62,10,67.88513779326567,48,8,23,3,0,0
1044,23,38,76.20500943243515,19,4,10,1,0,1
1045,54,47,24.04938206314084,6,5,54,4,0,3
1046,50,32,53.74493840575639,84,3,41,5,0,3
1047,39,48,24.377932503680324,27,4,49,4,0,3
1048,38,28,134.2941504381622,53,6,17,4,0,2
1049,23,17,51.64156881840896,48,8,56,5,0,0
1050,23,31,92.45383204449105,7,9,45,5,0,1
1051,65,8,25.067311685946954,59,5,30,4,0,0
1052,21,40,106.69016086973555,69,5,44,3,0,2
1053,47,25,61.993554948032205,11,7,74,5,0,1
1054,28,9,136.72949430449654,15,3,55,1,1,1
1055,47,2,135.45536456142466,64,2,19,2,1,2
1056,48,15,62.28778038702721,3,6,29,3,0,0
1057,41,50,137.12491643976082,69,4,2,5,0,2
1058,26,3,149.50049755484125,23,1,36,5,0,1
1059,20,49,127.30403633611324,53,1,19,3,0,1
1060,68,36,129.83327520817977,37,5,7,2,0,1
1061,48,4,52.37113569418169,9,7,26,4,0,0
1062,57,14,94.97131185150832,15,0,79,1,0,1
1063,54,41,28.743268815757823,3,5,38,5,0,3
1064,53,41,32.33933178681706,93,1,3,2,0,3
1065,41,25,149.85603956432777,70,1,80,1,0,2
1066,48,58,62.46310242536842,17,6,66,3,0,3
1067,23,55,117.26390856635003,26,9,71,5,0,1
1068,19,50,124.86645689348614,21,0,43,4,0,1
1069,37,10,131.5430252309398,72,5,62,3,0,2
1070,45,21,149.69167866228034,21,6,71,5,0,1
1071,28,36,51.39454308339282,11,7,24,2,1,3
1072,21,12,25.245607491760964,38,6,39,1,1,0
1073,32,27,73.45489733929617,72,5,68,1,0,0
1074,23,40,36.91048707776311,88,8,44,5,0,3
1075,66,2,22.915365591067165,35,2,5,3,0,0
1076,47,54,66.85548752839318,14,5,55,4,0,3
1077,55,13,121.88597263978073,14,3,30,2,0,1
1078,68,53,93.60348985925921,10,1,29,5,0,1
1079,19,32,60.661138597346024,12,0,26,2,0,1
1080,32,31,105.06446071405357,38,0,83,1,0,1
1081,28,16,50.1623634401454,34,9,26,4,0,0
1082,25,32,21.869587989371052,41,2,37,2,0,3
1083,43,32,119.36594023673555,10,3,53,5,0,1
1084,68,34,101.08660103232118,17,1,30,4,0,1
1085,62,11,119.0993411851248,17,0,3,3,0,1
1086,61,10,25.06194216939653,67,3,43,5,0,0
1087,22,15,128.8255516179848,62,6,7,2,1,2
1088,23,17,100.53840600471943,95,9,49,4,0,2
1089,43,40,93.24139559264322,1,5,73,5,0,1
1090,21,18,101.1998262548891,12,5,41,4,0,1
1091,36,55,132.37632209288734,4,8,77,4,0,1
1092,37,9,96.30174585265792,42,1,79,4,0,0
1093,50,25,95.52354938546331,13,3,54,2,0,1
1094,37,40,148.78829041854956,98,4,69,5,0,2
1095,66,59,118.37492171891384,85,0,27,1,0,2
1096,29,14,77.49819470864759,86,7,8,1,1,0
1097,64,58,111.9616100042806,4,7,32,2,1,1
1098,18,25,70.5999613199325,82,5,84,2,0,0
1099,43,50,49.75381012285487,69,4,64,4,0,3
1100,31,22,97.59074399540873,19,7,10,5,0,1
1101,55,52,140.6636727548137,2,2,13,5,0,1
1102,54,30,140.78813760201015,12,2,63,3,0,1
1103,28,20,64.44768615371373,81,1,35,3,0,0
1104,53,21,88.59807060882035,74,4,61,1,0,2
1105,30,44,47.51266681408195,98,2,54,3,0,3
1106,60,32,149.43204423485486,6,2,8,3,0,1
1107,20,51,147.54532802283165,8,5,29,1,0,1
1108,50,46,104.43616086196815,51,7,41,1,1,1
1109,23,49,124.57382775807154,11,1,30,3,0,1
1110,67,56,112.963020966881,63,3,86,5,0,3
1111,27,21,97.11056847513086,57,6,21,3,0,2
1112,22,35,26.9352396085567,12,0,76,4,0,3
1113,40,58,79.11936453184595,73,0,11,4,0,3
1114,27,32,107.72221928176337,2,9,2,4,0,1
1115,61,30,108.07910980487901,8,6,50,2,1,1
1116,19,55,68.50594039490986,11,6,41,4,0,3
1117,30,39,142.41995826554398,53,0,66,5,0,2
1118,57,49,41.75641419078153,10,0,3,2,0,3
1119,19,12,85.04672800802288,85,3,80,2,0,2
1120,37,41,109.81491695160696,84,4,51,4,0,2
1121,18,47,110.6276547659352,8,4,68,3,0,1
1122,54,18,104.32306437994602,36,3,87,1,0,1
1123,26,21,55.78746774874182,93,7,84,3,0,0
1124,34,13,40.30685392926085,76,6,25,3,0,0
1125,26,21,102.67224248747242,14,8,30,2,1,1
1126,28,8,97.90927509812691,54,6,82,2,1,0
1127,32,46,43.316281337601325,85,9,11,2,1,3
1128,41,40,111.66808892417323,86,0,17,5,0,2
1129,55,46,79.17235892537533,21,6,26,5,0,1
1130,52,7,106.80887690840989,50,0,23,1,1,0
1131,47,23,128.85772037011958,94,6,56,2,1,2
1132,48,44,42.06469571500001,39,9,52,4,0,3
1133,66,32,22.488832839588767,20,7,48,2,1,3
1134,22,11,121.28333623145228,88,8,20,5,1,2
1135,61,22,99.26066526984008,87,2,2,2,0,2
1136,67,22,110.95314405087582,7,3,88,5,0,1
1137,31,43,128.96014674852353,9,3,31,2,0,1
1138,28,25,124.36542152718506,1,8,27,4,0,1
1139,26,22,144.9196191007472,26,6,2,1,1,1
1140,51,28,89.67156025077537,38,2,78,4,0,1
1141,29,29,83.5044322457877,38,9,4,5,0,1
1142,52,13,72.24533598579491,61,4,13,3,0,0
1143,52,18,39.97983556974659,44,6,35,4,0,0
1144,18,2,94.43894027466291,86,7,72,2,1,0
1145,57,29,56.01162816237724,44,0,66,1,0,0
1146,39,21,139.7699765876868,74,1,6,2,0,2
1147,46,15,95.81480455602268,62,6,31,2,1,2
1148,25,52,97.06922346605432,6,1,10,4,0,1
1149,28,27,66.1402059140113,17,6,21,1,1,1
1150,58,50,26.75861575710197,51,8,74,3,0,3
1151,54,31,24.12668949848852,38,1,23,2,0,3
1152,31,15,75.03356873991567,24,6,3,1,1,0
1153,47,51,30.993499152640922,51,3,32,3,0,3
1154,52,23,98.89010422021809,10,1,20,2,0,1
1155,38,24,134.52649073315547,72,6,74,1,1,2
1156,54,44,134.77892614743388,21,4,29,4,0,1
1157,22,13,105.6759033171902,70,0,52,2,0,2
1158,36,22,47.46013809148103,85,4,46,2,0,0
1159,31,43,132.18958807665337,57,2,34,1,0,2
1160,43,37,135.19214659071707,39,6,84,2,1,1
1161,21,33,45.56496604388463,88,5,61,3,0,3
1162,42,56,115.86539115018805,33,7,72,2,1,1
1163,62,3,57.247541360525986,59,4,71,5,0,0
1164,59,54,124.34324060588085,18,1,70,3,0,1
1165,42,19,149.64092698746836,56,8,11,1,1,2
1166,35,23,23.903380692821067,92,7,82,3,0,0
1167,57,29,136.65756255282116,57,5,89,5,0,2
1168,25,30,100.94196936782555,96,9,63,5,0,2
1169,56,39,146.53974049142676,76,6,21,2,1,2
1170,57,44,80.4512372784356,48,8,3,2,1,3
1171,31,47,130.1604309742786,42,6,82,4,0,1
1172,49,25,28.11122891777604,27,2,88,3,0,0
1173,68,37,63.58627651017844,74,5,10,4,0,3
1174,55,47,28.712149907657295,52,6,27,5,0,3
1175,50,8,146.79460735227917,42,1,12,2,1,2
1176,40,42,126.20660794533877,32,2,7,2,0,1
1177,32,58,130.83116476197617,26,3,17,2,0,1
1178,50,16,141.93548008640624,25,9,65,1,1,1
1179,42,8,31.063453195572095,75,5,64,5,0,0
1180,34,1,70.12768702673334,23,0,26,2,1,0
1181,50,44,29.234535575720276,98,8,15,5,0,3
1182,64,5,47.40310320150372,57,4,33,2,1,0
1183,19,3,49.817551014897404,52,6,62,3,1,0
1184,31,1,80.98393743618523,87,8,47,5,0,0
1185,57,4,54.913081768973534,93,8,35,4,0,0
1186,57,40,33.127153886308946,31,0,65,1,0,3
1187,68,35,41.773841582234,64,0,72,4,0,3
1188,56,32,39.145823261771824,71,2,76,5,0,3
1189,68,42,146.49998372859878,33,5,83,2,0,1
1190,23,34,118.70802589940156,85,1,25,5,0,2
1191,23,43,145.80899048504307,2,9,57,1,1,1
1192,20,25,77.16626324602811,18,0,32,5,0,1
1193,24,10,56.18790261614536,47,0,63,2,1,0
1194,68,21,123.77811563719426,33,4,12,4,0,1
1195,25,46,62.41300934534908,98,3,63,3,0,3
1196,59,39,58.91983858169528,84,0,77,4,0,3
1197,69,27,50.22577898701805,35,3,1,2,0,0
1198,32,27,36.858267169150594,51,2,51,2,0,0
1199,64,2,53.34019793217958,18,1,70,1,1,0
1200,46,41,66.1915673016054,88,8,8,5,0,3
1201,50,48,107.61924705894495,72,0,68,5,0,2
1202,69,13,28.133429488528705,30,6,5,4,0,0
1203,47,9,47.365902156494585,44,3,89,3,0,0
1204,56,52,125.17307323791793,53,4,86,3,0,1
1205,44,36,39.099850065890195,10,9,39,1,1,3
1206,53,22,64.5438690479278,87,4,23,2,0,0
1207,46,42,132.4056598415582,52,0,68,1,0,2
1208,55,26,40.14029044864755,49,5,52,5,0,0
1209,50,58,30.755788630364687,11,8,4,2,1,3
1210,54,54,82.98993936040141,66,1,47,1,0,3
1211,44,12,59.31453646620973,58,6,21,4,0,0
1212,50,17,93.24308738290104,90,5,56,5,0,2
1213,21,14,124.49463576285177,36,4,66,3,0,1
1214,39,14,37.82930345985661,33,3,59,1,0,0
1215,19,57,95.49088099205704,47,3,7,5,0,3
1216,27,34,85.71613885068231,13,5,49,5,0,1
1217,22,53,38.730242181715944,40,3,16,3,0,3
1218,27,57,101.1198031187677,89,4,17,3,0,2
1219,50,20,55.573254321900315,68,5,84,3,0,0
1220,55,11,83.41846141072162,42,4,87,1,1,0
1221,30,16,30.695402156018044,19,6,75,3,0,0
1222,48,51,79.745927437771,82,8,34,4,0,3
1223,64,31,59.84025084556664,94,9,33,5,0,3
1224,53,55,126.90955745409606,19,6,26,3,0,1
1225,62,6,27.407234509657876,58,6,66,5,1,0
1226,41,56,74.41894573938289,23,3,63,2,0,3
1227,69,19,79.59608513708693,54,0,87,2,0,0
1228,32,37,114.25078991888543,80,7,41,3,0,2
1229,46,58,94.65738476172743,65,3,86,5,0,3
1230,25,4,106.73760383524353,12,0,58,2,1,1
1231,22,47,121.0164071347283,24,4,79,3,0,1
1232,46,4,132.08638657556455,34,7,10,5,1,1
1233,64,20,60.803814573921166,53,3,15,3,0,0
1234,21,10,89.94295169730738,8,7,42,5,0,1
1235,29,24,129.214050197096,18,7,57,2,1,1
1236,62,54,148.62864702545733,57,2,87,3,0,2
1237,19,35,135.6375104356892,5,8,17,2,1,1
1238,44,26,68.29074414116899,26,2,60,3,0,1
1239,48,37,45.37164723842456,30,0,9,1,0,3
1240,68,38,83.62102986285653,54,1,36,2,0,3
1241,68,21,116.4133887386855,13,5,73,2,0,1
1242,53,54,84.03397919792869,83,9,80,4,0,3
1243,53,40,82.81351223077691,29,1,36,2,0,1
1244,43,39,128.96995474063408,3,5,48,5,0,1
1245,60,21,66.98249127873422,90,0,51,3,0,0
1246,44,10,131.77330772551392,58,0,70,1,1,2
1247,22,38,72.88462412372405,76,4,74,5,0,3
1248,37,46,62.670303738184124,2,9,80,5,0,1
1249,28,4,79.01868845596087,75,8,68,5,0,0
1250,27,57,119.1181046277329,28,7,22,5,0,1
1251,57,45,36.380263622319255,82,2,77,1,0,3
1252,55,20,45.534498063362264,77,2,80,4,0,0
1253,23,17,143.68782733620196,86,0,6,2,0,2
1254,25,55,42.813911559576454,76,2,26,5,0,3
1255,40,7,93.80455133103709,2,0,75,2,1,1
1256,64,4,95.31088066605193,7,7,88,2,1,1
1257,43,29,83.65118006653182,26,0,3,5,0,1
1258,63,14,103.81688231498642,90,4,52,4,0,2
1259,60,3,49.877474353690396,88,8,74,2,1,0
1260,29,24,91.84609481097726,76,6,60,3,0,2
1261,43,37,68.38252318209663,16,3,63,2,0,1
1262,30,16,106.01674375179458,23,8,65,5,0,1
1263,57,58,38.35906063850943,40,8,52,1,1,3
1264,35,55,94.21406418913192,60,1,76,2,0,3
1265,42,52,44.08514619983208,73,9,14,4,0,3
1266,50,4,56.22359820495473,32,9,89,3,1,0
1267,64,56,48.43227404206582,15,5,72,3,0,3
1268,57,24,43.76891138294623,13,3,68,1,0,0
1269,60,34,127.3424237028867,5,7,28,1,1,1
1270,29,30,57.14198379591574,75,6,71,2,1,3
1271,61,18,140.52609164237842,74,6,10,5,0,2
1272,53,19,146.09044829487482,52,9,57,4,0,2
1273,65,31,94.26386109182265,77,8,66,3,0,2
1274,21,19,38.59014594654443,41,4,50,1,0,0
1275,22,49,68.69127163934556,53,5,14,4,0,3
1276,54,46,123.70519423526783,50,0,16,5,0,1
1277,25,19,67.76079473061915,15,5,54,3,0,1
1278,59,22,31.312238379362537,7,1,43,3,0,0
1279,66,24,92.38203842066443,40,5,42,5,0,1
1280,45,45,129.8657106944845,28,8,81,3,0,1
1281,48,12,123.47043032865531,32,7,22,5,0,1
1282,26,30,42.76600821694592,99,8,68,3,0,3
1283,68,58,107.45939987362067,15,9,19,2,1,1
1284,46,38,48.66555424663412,85,7,66,5,0,3
1285,31,53,48.36697949178239,70,2,39,4,0,3
1286,57,31,133.62933052967406,65,7,73,2,1,2
1287,58,36,52.45696385622992,4,5,19,4,0,1
1288,39,19,54.22215504734145,11,5,16,3,0,0
1289,28,48,20.084940798968944,26,5,54,4,0,3
1290,40,45,133.1869744363173,61,2,25,2,0,2
1291,18,36,123.03732571718751,37,9,18,5,0,1
1292,63,30,101.55276156178815,23,0,23,1,0,1
1293,54,55,117.53454931204949,93,3,85,4,0,2
1294,38,49,39.76631376518394,85,9,11,1,1,3
1295,43,55,79.5820672963848,91,5,39,4,0,3
1296,63,33,65.65852035534152,40,9,68,4,0,3
1297,53,18,32.190948413412144,77,1,25,5,0,0
1298,40,52,83.19696307794013,23,6,63,3,0,1
1299,18,49,139.6961545445426,16,6,30,2,1,1
1300,68,59,25.20768547659028,94,3,45,2,0,3
1301,57,28,57.889918754193204,61,3,61,2,0,0
1302,32,59,46.98032170674145,68,0,51,3,0,3
1303,38,47,50.95906497654052,80,1,9,1,0,3
1304,64,11,138.09649174431877,31,8,76,2,1,1
1305,26,57,80.84897705045772,53,9,2,1,1,3
1306,26,54,80.61892368217644,25,7,5,3,0,3
1307,27,45,118.8748335191867,44,7,62,3,0,1
1308,69,33,40.08398652064035,12,8,69,5,0,3
1309,43,17,83.3444960330066,90,6,52,2,1,2
1310,58,6,75.89807783573777,97,8,86,5,0,0
1311,52,4,97.5983897710653,92,9,5,2,1,2
1312,69,20,149.94250142255703,9,1,59,3,0,1
1313,42,48,120.02835623066612,12,5,68,3,0,1
1314,43,47,71.72254139226553,69,2,9,4,0,3
1315,28,27,127.58189679562611,54,5,22,4,0,2
1316,55,15,42.19208723062242,54,2,27,3,0,0
1317,19,6,23.960279220164814,28,7,10,3,1,0
1318,24,47,46.5782884203555,56,3,80,1,0,3
1319,35,14,64.25350229485375,99,9,61,1,1,0
1320,44,11,86.37549846974278,69,5,51,5,0,0
1321,51,39,99.96678827035598,98,8,10,4,0,2
1322,44,9,138.37874323787483,98,1,6,4,0,2
1323,34,26,86.2810212415595,77,1,62,3,0,2
1324,60,16,85.16583380134482,58,6,5,3,0,0
1325,61,5,26.531591276987676,78,1,70,5,0,0
1326,68,57,24.538501845309096,75,1,63,4,0,3
1327,41,52,91.65079504912836,42,3,56,1,0,3
1328,42,10,76.96321972228478,38,8,59,2,1,0
1329,24,50,129.09345134743882,68,7,63,5,0,2
1330,69,3,40.88834601253987,53,1,89,2,1,0
1331,23,13,23.24631607521645,33,7,59,1,1,0
1332,41,43,78.37503983091636,71,3,51,1,0,3
1333,50,49,50.872212377793474,56,1,50,2,0,3
1334,66,30,26.449868534048868,72,9,4,5,0,3
1335,46,54,114.19777729019177,51,6,48,2,1,1
1336,60,45,34.50708999444217,74,5,32,5,0,3
1337,39,6,99.08153500101032,43,9,51,5,1,0
1338,43,17,56.53646752169559,15,4,52,3,0,0
1339,45,59,42.55448654615286,38,0,74,4,0,3
1340,67,45,69.36769797951126,15,1,34,4,0,1
1341,38,51,124.18795090898398,5,7,36,1,1,1
1342,66,53,70.97216499759445,93,0,70,3,0,3
1343,24,19,117.60005439743725,83,2,43,4,0,2
1344,34,42,36.313218583889594,54,1,16,5,0,3
1345,37,35,120.46028455646028,51,4,59,5,0,2
1346,58,46,50.80133223786432,10,3,53,2,0,3
1347,66,26,108.06110688555346,12,6,19,2,1,1
1348,37,51,93.55160212932952,4,4,89,5,0,1
1349,39,5,140.78881323751935,95,7,41,5,0,2
1350,45,29,70.35192733679082,18,3,81,2,0,1
1351,57,37,28.601474548477256,80,5,47,4,0,3
1352,66,20,22.490213121662876,36,3,54,1,0,0
1353,24,49,127.4916129264579,25,1,55,2,0,1
1354,18,21,88.21563289598618,87,0,19,4,0,2
1355,49,10,120.7817267385434,76,0,62,4,0,2
1356,30,5,50.475328001496905,98,7,59,4,0,0
1357,47,36,64.86088691672037,36,3,65,3,0,3
1358,40,6,23.91350338747146,67,4,68,3,0,0
1359,68,26,144.99400219463456,9,7,28,4,0,1
1360,36,4,106.82282787110574,61,6,18,5,1,0
1361,49,39,141.31666140870982,53,7,26,3,0,2
1362,47,39,54.5145329657794,18,7,19,2,1,3
1363,46,50,99.4902694593359,43,5,55,3,0,1
1364,66,35,108.20499587804292,35,9,57,5,0,1
1365,62,1,61.281461033486494,63,1,6,1,1,0
1366,46,24,130.2542005520319,98,5,1,3,0,2
1367,47,57,143.13099017703223,78,0,8,4,0,2
1368,33,36,135.03116530048055,4,0,51,4,0,1
1369,57,6,116.07870687211843,93,2,85,4,0,2
1370,36,41,56.070408364244024,41,2,88,1,0,3
1371,35,54,56.61008547373213,45,4,25,5,0,3
1372,18,46,145.23684165798494,50,0,47,2,0,1
1373,31,44,21.336984471639965,79,9,55,5,0,3
1374,68,57,113.08649652147878,28,5,64,1,0,1
1375,64,31,111.81200113218408,42,6,83,4,0,1
1376,67,20,100.94964032347367,80,9,10,5,0,2
1377,19,24,148.71414999129254,76,2,56,2,0,2
1378,45,25,60.54432664928428,69,3,12,4,0,0
1379,66,36,64.19634229312226,98,9,33,2,1,3
1380,67,21,30.262122383052223,1,9,71,3,0,0
1381,47,30,77.56375775068587,39,9,17,2,1,1
1382,55,24,53.93630841053025,96,9,61,4,0,0
1383,68,44,64.64027128309374,90,9,10,3,0,3
1384,21,42,128.4943327332316,17,2,31,4,0,1
1385,18,30,141.61298675857444,91,0,60,4,0,2
1386,25,22,44.14529936067413,88,7,70,3,0,0
1387,46,28,68.42616110195056,35,9,17,2,1,0
1388,56,7,140.72197307500124,46,9,50,1,1,2
1389,20,35,28.035099889598943,42,1,37,1,0,3
1390,49,55,32.006868654479206,39,0,82,1,0,3
1391,27,28,41.16282859680982,90,7,62,1,1,0
1392,27,14,97.37766843649372,49,6,80,5,0,0
1393,36,56,39.56139523077967,62,6,72,1,1,3
1394,63,10,145.84992958859536,38,3,88,3,0,1
1395,51,16,78.07288854360765,23,8,77,1,1,0
1396,50,16,85.19733484552162,22,5,29,4,0,1
1397,40,54,52.06562005470284,4,1,32,1,0,3
1398,45,31,81.22483281651535,49,0,88,2,0,3
1399,49,42,106.0487722428115,59,0,80,3,0,2
1400,67,25,117.65302780402556,73,8,11,3,0,2
1401,24,13,118.0028507522887,68,3,6,5,0,2
1402,46,6,95.12584465023149,71,4,35,4,0,0
1403,25,44,137.56677074920145,87,2,33,3,0,2
1404,18,9,126.26302014979422,2,3,18,2,1,1
1405,20,45,118.41625491082131,49,7,37,1,1,1
1406,41,36,27.22871781845988,88,3,13,3,0,3
1407,40,56,20.89413508855441,95,8,74,2,1,3
1408,25,43,47.618146035411485,31,8,81,1,1,3
1409,64,20,106.2580672087488,40,5,64,5,0,1
1410,54,18,73.45567355473096,48,1,1,3,0,0
1411,20,58,72.31281370891053,51,9,63,3,0,3
1412,68,43,134.99629546984977,43,6,89,2,1,1
1413,50,57,136.42317025713902,98,8,34,4,0,2
1414,45,21,138.19278432696615,55,5,10,5,0,2
1415,64,4,60.80414994695355,88,2,84,4,0,0
1416,25,50,109.83725565610403,49,6,7,3,0,1
1417,51,33,55.312313565668056,90,4,56,4,0,3
1418,52,27,44.779278299678474,80,0,80,1,0,0
1419,49,7,44.002219455158,57,2,37,5,0,0
1420,41,6,64.47399071226722,77,4,29,4,0,0
1421,31,15,75.89449057137682,15,6,12,1,1,1
1422,49,18,128.02339223715887,27,2,17,2,0,1
1423,63,32,35.585842151452574,68,5,48,4,0,3
1424,60,56,115.54036016133624,80,4,84,5,0,2
1425,33,11,89.08913884460969,64,0,26,1,1,0
1426,21,20,57.43289454787902,94,9,83,4,0,0
1427,69,24,84.0665459892672,30,5,12,2,0,1
1428,54,15,58.99246907101294,36,7,21,4,0,0
1429,38,48,97.49065418097977,67,0,42,1,0,3
1430,31,7,76.39970997118175,86,1,61,4,0,0
1431,48,21,41.37271878025423,86,3,58,5,0,0
1432,65,42,35.15579969224058,49,1,54,3,0,3
1433,35,26,91.07043866937693,76,8,34,1,1,2
1434,24,44,137.31369432719345,55,9,7,1,1,2
1435,27,56,64.71449925249912,85,7,35,1,1,3
1436,24,14,115.29001393894102,56,7,15,1,1,2
1437,50,57,105.6259761421697,68,3,65,4,0,3
1438,40,37,141.10213886023251,95,4,25,5,0,2
1439,38,58,126.72753224888831,44,3,59,2,0,1
1440,36,21,93.65868365771018,31,8,79,5,0,1
1441,65,18,105.41396477043395,58,1,86,1,0,2
1442,36,5,136.79024065592455,87,7,6,4,0,2
1443,53,3,71.93744199630152,53,1,52,4,0,0
1444,46,23,62.48331176151106,84,0,79,1,0,0
1445,35,26,21.405440872575525,79,9,88,4,0,0
1446,19,37,127.45163964489035,23,2,21,1,0,1
1447,18,24,124.12749105243743,28,8,71,5,0,1
1448,64,49,33.57908735301968,16,2,32,3,0,3
1449,22,19,94.99145954725103,37,8,53,4,0,1
1450,37,51,80.31762076169537,21,6,59,1,1,1
1451,28,25,35.43218241618449,79,9,69,1,1,0
1452,59,21,147.47386951789406,17,0,62,4,0,1
1453,19,12,47.91046537023621,37,9,4,2,1,0
1454,20,57,28.74044341177295,77,4,86,1,0,3
1455,40,41,97.33015933524824,19,8,18,4,0,1
1456,29,33,116.05266802729425,30,2,81,1,0,1
1457,37,50,24.217647986134306,45,8,56,2,1,3
1458,22,53,105.63329303451287,18,4,24,3,0,1
1459,54,4,89.19794387368908,78,8,66,2,1,0
1460,55,42,33.424451153756294,62,9,13,5,0,3
1461,47,57,42.42810400302707,36,5,62,4,0,3
1462,26,7,93.83665865109046,84,8,54,2,1,2
1463,51,22,58.526489756727486,52,6,15,3,0,0
1464,61,55,141.9810447246711,19,6,69,1,1,1
1465,52,33,126.4362298329266,44,7,3,4,0,1
1466,69,17,147.8637368467762,7,6,37,2,1,1
1467,39,24,53.757209063553816,44,8,37,3,0,0
1468,61,34,146.06407226373702,68,8,3,2,1,2
1469,41,28,76.06040307290252,34,5,63,5,0,1
1470,34,58,65.1774433907881,66,6,35,4,0,3
1471,27,43,26.54543850601592,69,1,52,1,0,3
1472,47,41,26.85948352174834,55,8,87,3,0,3
1473,63,39,109.9614632730651,10,0,28,2,0,1
1474,40,22,79.53076927642363,96,0,18,4,0,2
1475,49,49,49.44781138469374,42,2,36,2,0,3
1476,34,17,99.81613982228025,41,5,33,4,0,1
1477,67,34,52.87155537251445,77,4,64,5,0,3
1478,68,6,95.09212806477494,69,1,26,2,1,0
1479,34,46,66.69713710774974,10,8,48,5,0,1
1480,31,6,127.06178945953647,10,9,40,3,1,1
1481,26,34,126.69050089968131,91,3,17,5,0,2
1482,57,1,82.05555175591218,60,3,40,4,0,0
1483,19,10,65.60648421355202,51,4,7,3,0,0
1484,62,21,67.1327735526823,21,7,57,2,1,0
1485,42,5,124.74288833686832,8,9,8,2,1,1
1486,56,2,62.66333276368956,65,3,56,4,0,0
1487,26,22,47.177718581889984,92,4,31,1,0,0
1488,39,48,31.009484443789887,78,3,59,1,0,3
1489,60,57,80.67010571497309,85,5,58,2,0,3
1490,63,2,82.67717285957944,30,2,12,4,0,0
1491,21,10,129.31813235237792,85,7,48,1,1,2
1492,43,34,48.76103053798832,49,5,31,5,0,3
1493,46,16,69.52886557689199,9,9,83,2,1,1
1494,62,48,125.09274605617982,17,4,63,5,0,1
1495,51,51,127.07106939736656,69,1,74,4,0,2
1496,40,39,69.99943987723987,58,9,39,5,0,3
1497,54,22,79.68612302726851,57,9,76,1,1,0
1498,28,12,59.42716581040678,62,6,20,1,1,0
1499,23,24,141.23213419451056,95,1,48,3,0,2
1500,35,47,35.42368954640544,52,0,71,2,0,3
1501,38,40,141.3874249901911,61,6,54,4,0,2
1502,59,38,108.90263873859462,40,4,78,2,0,1
1503,53,59,89.10437984927505,38,0,75,5,0,3
1504,58,10,24.245677901984465,43,3,71,4,0,0
1505,55,35,81.82750493686108,63,3,29,4,0,3
1506,51,51,73.0072536503552,19,9,74,1,1,3
1507,34,49,40.95844555676593,50,6,73,5,0,3
1508,54,32,105.3332484550854,33,8,48,1,1,1
1509,42,7,146.24961795787715,13,1,74,1,1,1
1510,55,21,93.08454543838826,78,0,83,3,0,2
1511,29,20,112.91792593771295,97,1,56,1,0,2
1512,40,26,28.898558833582182,62,6,17,2,1,0
1513,59,4,74.29670945620931,93,9,9,4,1,0
1514,39,46,35.126603071384466,43,5,34,1,0,3
1515,38,52,99.66345861974635,49,3,45,2,0,3
1516,44,22,142.00268056784012,36,0,88,5,0,1
1517,48,15,106.03110522131301,10,0,9,4,0,1
1518,23,56,29.984396280874797,95,4,7,5,0,3
1519,44,40,66.10660664806076,6,0,16,2,0,1
1520,57,21,91.5862393273107,57,6,19,5,0,2
1521,51,15,72.41700829732278,1,0,6,5,0,1
1522,29,22,128.3737213617724,71,0,11,5,0,2
1523,62,52,125.90723061229859,58,1,76,1,0,2
1524,24,28,99.53803261341879,91,9,61,1,1,2
1525,27,14,68.54953286725168,21,2,42,1,0,0
1526,62,27,53.193728589221735,92,0,13,4,0,0
1527,34,41,33.76366136770681,80,8,12,2,1,3
1528,43,40,66.13669885325203,56,9,85,1,1,3
1529,38,58,73.71242723700354,87,7,74,5,0,3
1530,45,28,107.85698026352956,20,4,20,5,0,1
1531,63,26,105.56077715868454,54,1,50,5,0,2
1532,19,49,29.114058153363402,25,4,36,5,0,3
1533,60,2,71.3837110060505,28,5,88,3,0,0
1534,18,25,43.63125273825705,5,0,69,4,0,0
1535,68,56,40.38565169118474,21,3,37,2,0,3
1536,53,3,127.54927946584196,18,8,12,2,1,1
1537,68,8,25.44897817311348,47,1,40,1,1,0
1538,43,44,74.49377386727576,70,4,54,3,0,3
1539,46,33,41.866475249647365,57,0,2,2,0,3
1540,38,42,134.31292803820162,93,3,50,4,0,2
1541,28,52,92.41526672575456,19,3,41,5,0,1
1542,57,35,50.07948272899024,97,5,45,1,0,3
1543,28,6,85.31554733162893,65,9,9,4,1,0
1544,53,39,115.09322676140506,3,8,62,2,1,1
1545,66,52,144.5553411595264,42,2,86,3,0,1
1546,56,23,48.65798055190446,21,8,47,1,1,0
1547,57,25,135.20363037681489,99,5,5,2,0,2
1548,52,59,141.45953484177375,40,6,76,1,1,1
1549,51,50,139.1346707891686,67,9,1,2,1,2
1550,64,43,102.60386639204827,25,1,44,5,0,1
1551,41,19,101.876685076512,55,9,22,3,0,2
1552,39,5,72.41738231389695,84,5,38,5,0,0
1553,22,51,117.81172469949243,52,5,19,2,0,1
1554,50,11,89.06822238562116,44,1,80,4,0,0
1555,53,56,108.06694925967828,98,1,31,5,0,2
1556,64,12,75.69952750034341,85,1,67,4,0,0
1557,37,10,115.09454032560808,56,9,87,2,1,2
1558,36,8,127.18129728859138,55,0,42,3,0,2
1559,52,24,39.0367133583661,87,4,82,4,0,0
1560,69,28,128.28086302464965,70,7,26,2,1,2
1561,60,41,90.23854913273993,77,1,13,4,0,2
1562,34,36,129.80656818172918,87,4,58,5,0,2
1563,62,37,76.06922182433189,73,7,18,2,1,3
1564,60,21,69.27526309979456,81,9,67,5,0,0
1565,51,8,138.9578952272389,66,4,87,1,1,2
1566,26,55,52.65200478129217,19,1,3,2,0,3
1567,43,9,129.74760228719862,83,2,55,4,0,2
1568,19,47,82.92267442622253,7,5,89,1,0,1
1569,26,15,86.83240753166376,63,4,58,5,0,0
1570,26,48,60.100876593632925,42,3,63,5,0,3
1571,57,46,94.49548608047203,42,3,52,4,0,1
1572,34,40,62.27745551590747,59,4,89,1,0,3
1573,18,18,25.1050238514148,20,1,24,3,0,0
1574,42,42,55.35981869476629,73,8,72,4,0,3
1575,60,20,20.82927564285679,17,1,9,5,0,0
1576,57,6,147.18612231739138,27,9,37,2,1,1
1577,59,12,145.54713727656718,47,1,83,1,0,2
1578,42,2,71.37018867139966,2,9,53,3,1,0
1579,56,7,114.68821106415398,63,8,80,2,1,2
1580,52,16,64.95479279335524,62,2,24,1,0,0
1581,20,3,107.24211042117689,19,9,21,4,1,1
1582,67,45,124.70590559597728,17,6,40,4,0,1
1583,54,3,143.0783118099913,69,3,62,1,1,2
1584,61,27,72.02759586045735,39,5,70,3,0,0
1585,61,50,121.8287377842862,82,3,69,1,0,2
1586,68,43,54.57069858217544,71,9,14,2,1,3
1587,47,40,148.74319949317427,81,6,42,2,1,2
1588,55,38,23.350047839365647,39,0,50,4,0,3
1589,51,33,98.45874484514573,36,2,61,1,0,1
1590,29,28,105.73577761467253,40,2,4,4,0,1
1591,36,1,109.44592241963674,45,0,72,3,0,0
1592,54,55,35.65038524258157,4,5,88,2,0,3
1593,61,8,142.00887185150697,25,8,75,5,1,1
1594,66,37,43.55382627651076,69,7,17,5,0,3
1595,34,32,100.95794242117934,30,6,85,1,1,1
1596,27,48,48.94789028600104,76,9,57,1,1,3
1597,66,43,59.93813421276521,68,7,48,5,0,3
1598,64,37,91.03961042465616,88,5,44,1,0,2
1599,29,4,74.23514441339495,29,8,45,2,1,0
1600,33,30,40.82932812694582,73,2,80,3,0,3
1601,41,6,42.22173231471028,68,9,33,3,1,0
1602,36,46,74.35882246116395,51,9,31,4,0,3
1603,25,54,118.44678717581509,24,8,47,2,1,1
1604,48,19,136.7354040902125,14,3,6,1,0,1
1605,38,32,30.93659609371977,69,6,72,1,1,3
1606,34,9,71.10350798272214,18,8,71,4,0,0
1607,40,12,33.03192328397396,42,1,34,4,0,0
1608,54,11,22.157022482237725,57,1,53,1,1,0
1609,33,46,106.02342874371436,83,8,14,1,1,2
1610,23,55,98.3184274556564,12,2,16,2,0,1
1611,25,16,41.19248479593521,82,8,43,4,0,0
1612,42,1,50.39566830209833,17,4,73,2,1,0
1613,35,45,23.08200797378739,30,5,74,1,0,3
1614,42,55,128.54313674027247,88,1,81,5,0,2
1615,29,53,146.70977748631168,75,7,12,5,0,2
1616,32,21,37.609739783309806,99,8,70,1,1,0
1617,43,30,50.09177778948876,23,1,19,4,0,3
1618,58,13,132.89323811310143,81,5,41,5,0,2
1619,62,34,140.44029373430402,1,5,53,4,0,1
1620,43,4,74.55155976488534,79,7,29,5,0,0
1621,64,28,26.580921394979637,32,9,70,4,0,0
1622,49,38,25.120938380066523,9,4,59,5,0,3
1623,27,58,94.61348258897135,15,8,89,4,0,1
1624,33,31,71.07636415611327,28,0,64,2,0,1
1625,24,59,23.724815585095087,24,8,24,4,0,3
1626,34,55,95.82281100063238,60,9,89,2,1,3
1627,40,27,21.46932975657292,35,6,16,2,1,0
1628,43,5,122.35835455940548,86,3,52,1,1,2
1629,38,25,59.836266951438304,27,2,80,2,0,0
1630,39,3,25.233540391200172,83,9,6,3,0,0
1631,24,33,96.48578872780993,76,5,37,2,0,2
1632,31,4,71.69897387629712,20,0,85,4,0,0
1633,32,25,146.59405373642943,65,2,4,2,0,2
1634,24,20,90.74582612548129,85,1,38,4,0,2
1635,26,34,55.78109353481108,49,8,41,4,0,3
1636,68,26,112.22705240241672,1,2,81,3,0,1
1637,65,5,55.29396033055247,10,1,14,2,1,0
1638,25,35,137.55162788298347,47,3,71,2,0,1
1639,67,28,68.71385616595893,59,1,86,5,0,0
1640,40,29,91.48291316090668,96,0,51,5,0,2
1641,46,9,26.574503497149752,62,5,65,1,1,0
1642,35,52,75.39576093379,86,9,52,4,0,3
1643,48,38,128.20726015592936,18,7,30,3,0,1
1644,47,50,124.73434469723445,46,9,57,5,0,1
1645,69,6,49.16141265095841,32,9,79,2,1,0
1646,56,19,49.39027923137315,27,1,82,1,0,0
1647,52,44,126.24969058772078,92,8,30,3,0,2
1648,35,57,140.9517946220123,18,2,42,2,0,1
1649,59,11,32.396919765490466,39,7,11,2,1,0
1650,56,2,78.50762312540928,49,7,27,4,0,0
1651,34,47,63.86905626534977,93,2,24,4,0,3
1652,31,44,133.1894992094671,82,2,39,5,0,2
1653,48,44,30.85823890840244,44,5,72,5,0,3
1654,41,9,47.44637253254486,72,0,18,2,1,0
1655,52,21,117.82088388624426,54,3,77,2,0,2
1656,61,24,26.668200367558025,95,0,45,5,0,0
1657,62,34,84.0295994928576,34,2,88,5,0,1
1658,51,22,77.4739145083636,71,8,87,2,1,0
1659,20,3,63.472153268537326,36,4,12,3,0,0
1660,54,12,71.2944009914601,18,4,49,2,0,0
1661,60,28,88.89227630093028,38,3,31,3,0,1
1662,57,30,40.977756590489804,59,2,22,3,0,3
1663,43,26,94.35946417686706,9,4,44,2,0,1
1664,40,48,124.70620280899823,73,3,64,1,0,2
1665,61,21,118.82092087272068,72,7,77,5,0,2
1666,56,28,40.00698761019058,51,3,25,4,0,0
1667,32,56,39.40243106639161,35,7,51,2,1,3
1668,66,26,54.86266780683873,82,5,7,3,0,0
1669,21,33,66.93971442433484,5,4,6,2,0,1
1670,46,21,73.09922558310274,14,3,24,5,0,1
1671,39,35,108.36063818833489,92,3,19,3,0,2
1672,42,52,27.368456181558603,30,3,83,4,0,3
1673,30,34,24.50745154938863,4,8,9,4,0,3
1674,35,41,70.94837318270817,39,3,36,4,0,3
1675,50,51,110.63127997793745,84,8,40,1,1,2
1676,33,47,45.146594584342736,64,9,24,3,0,3
1677,62,18,103.39558256331271,25,5,48,3,0,1
1678,59,58,53.77765793223893,28,9,63,1,1,3
1679,61,11,135.19119414575712,76,6,69,3,1,2
1680,19,57,136.43969275466014,66,9,53,1,1,2
1681,52,23,58.64733655657244,78,2,54,2,0,0
1682,59,48,49.89918801522127,22,7,42,5,0,3
1683,51,22,73.46951636861007,31,2,45,4,0,0
1684,47,17,51.26910607341934,23,0,14,1,0,0
1685,30,5,107.40989962792148,48,9,29,1,1,0
1686,30,44,127.38840899127712,20,4,6,1,0,1
1687,35,11,107.5019770184582,38,1,7,2,1,1
1688,49,30,127.16555814241543,55,9,37,1,1,2
1689,49,15,71.60898108697164,68,5,53,5,0,0
1690,52,27,40.32120619215191,79,9,18,5,0,0
1691,56,35,115.93362316168698,88,8,87,4,0,2
1692,63,33,66.861685668402,89,0,38,2,0,2
1693,69,20,107.26520727978722,1,3,59,5,0,1
1694,46,16,55.18371245762954,7,0,1,3,0,0
1695,66,34,30.559852524867445,57,0,68,3,0,3
1696,46,2,149.03563341340924,95,7,44,3,0,2
1697,61,35,40.30619603097791,12,1,47,1,0,3
1698,33,40,148.49472921525253,5,0,35,1,0,1
1699,61,56,147.04639123363813,50,7,87,3,0,1
1700,64,28,123.19635350804515,42,3,60,4,0,1
1701,27,47,105.72498507065968,12,2,52,4,0,1
1702,47,39,95.114916532641,18,3,8,1,0,1
1703,42,6,132.59320089911853,66,4,80,3,0,2
1704,56,9,57.62713781053343,74,0,41,4,0,0
1705,37,20,80.79855762303401,79,0,3,1,0,2
1706,22,1,100.52069601764525,94,2,69,3,0,2
1707,18,8,73.45476186303384,17,5,84,2,1,0
1708,47,55,75.57323903173483,68,0,14,3,0,3
1709,66,23,62.93700677527097,71,1,26,3,0,0
1710,20,3,93.35013616898968,62,6,70,5,1,0
1711,62,4,130.57468864196508,41,0,58,5,0,2
1712,31,58,46.19868914082067,95,6,40,2,1,3
1713,47,25,141.47629503794738,34,3,51,2,0,1
1714,67,47,109.58139498726986,70,9,5,3,0,2
1715,21,38,127.02551764840392,45,5,77,4,0,1
1716,35,15,92.30479004190151,58,7,32,2,1,0
1717,54,21,121.33717118512826,51,8,80,3,0,2
1718,42,35,22.106051654130738,34,5,1,1,0,3
1719,65,57,126.38945522133957,44,8,77,5,0,1
1720,18,53,25.21805168109765,15,3,54,4,0,3
1721,63,53,135.68873892717212,78,5,11,3,0,2
1722,32,46,148.95515714102362,70,7,53,1,1,2
1723,26,52,58.228770082981114,50,8,8,5,0,3
1724,32,14,47.34141231715317,32,2,25,1,0,0
1725,66,36,119.4972373015453,67,1,40,3,0,2
1726,41,12,52.89342431963292,3,5,32,2,0,0
1727,21,17,132.52310981238645,86,3,88,5,0,2
1728,29,39,33.36953698047197,86,0,28,1,0,3
1729,54,9,36.374175529316574,74,7,78,2,1,0
1730,54,35,147.28970216308002,51,8,3,4,0,2
1731,60,13,107.5990567751006,67,8,84,3,0,2
1732,23,15,130.09533917576385,76,1,79,3,0,2
1733,56,18,62.16281905569734,93,8,62,5,0,0
1734,63,51,107.94288743767858,48,6,27,1,1,1
1735,41,33,97.25143755011764,17,4,45,4,0,1
1736,28,6,98.40951561598311,7,6,25,5,0,1
1737,30,59,108.7292197399038,13,8,61,5,0,1
1738,51,27,94.79669250678282,66,7,44,1,1,2
1739,42,23,75.77810800934657,4,5,46,4,0,1
1740,24,59,55.86995026947109,10,3,14,1,0,3
1741,69,27,119.91557301871626,88,0,8,3,0,2
1742,21,34,49.4154159004142,17,5,48,2,0,3
1743,25,56,110.00605980007384,52,2,14,3,0,3
1744,37,46,50.333266944412465,6,5,65,3,0,3
1745,46,38,101.292922094079,83,5,80,5,0,2
1746,68,14,117.12017472677375,69,3,82,3,0,2
1747,62,36,48.432805557850095,96,1,7,4,0,3
1748,63,53,27.792629111970076,74,8,79,3,0,3
1749,27,8,37.026586589242626,9,1,88,4,0,0
1750,60,35,98.77960574523331,91,2,49,1,0,2
1751,51,19,130.4280328093456,77,9,55,5,0,2
1752,43,30,25.849586760605167,83,0,13,4,0,3
1753,58,14,115.43966367541401,21,6,73,3,0,1
1754,66,59,64.37142397350678,24,0,56,5,0,3
1755,20,20,82.20868808953793,4,8,56,5,0,1
1756,23,49,140.75174147992354,24,0,15,4,0,1
1757,22,25,63.156295615659914,59,4,57,4,0,0
1758,22,40,80.4938014121332,99,6,58,2,1,2
1759,64,24,21.778713918888542,3,2,35,2,0,0
1760,40,14,30.607833600628986,68,8,88,5,0,0
1761,66,26,53.616906847521925,40,7,16,2,1,0
1762,26,38,23.620791306739672,48,2,8,3,0,3
1763,52,23,102.07879238627262,54,4,87,1,0,2
1764,37,22,75.43178638421094,35,6,45,5,0,0
1765,66,48,91.25887635464287,95,3,40,1,0,2
1766,59,57,42.70413416652284,56,4,54,2,0,3
1767,52,19,58.4711638267601,89,2,14,4,0,0
1768,67,46,106.29718173085426,40,8,59,5,0,1
1769,35,51,145.489354071952,77,9,53,2,1,2
1770,34,3,26.554180568287194,68,8,27,3,1,0
1771,41,42,135.7499617111846,46,6,47,5,0,1
1772,20,19,94.9945561704571,78,9,80,5,0,2
1773,49,9,93.30954367823108,13,1,6,4,0,1
1774,52,28,85.03620957700885,27,6,55,5,0,1
1775,55,20,29.02123116754384,6,6,44,4,0,0
1776,30,45,31.683990725700887,17,4,18,2,0,3
1777,64,7,98.11856073568119,36,8,16,3,0,0
1778,42,14,64.32461428662258,99,2,12,3,0,0
1779,26,9,139.2448486550985,81,3,20,5,0,2
1780,21,59,72.8567698567314,2,0,45,5,0,1
1781,31,55,38.626589631343336,77,5,64,2,0,3
1782,54,57,112.91344835526468,52,3,59,4,0,3
1783,51,19,58.13594478733128,66,0,22,3,0,0
1784,28,47,88.31113995626612,52,1,47,4,0,3
1785,58,52,110.7182621156721,92,2,29,2,0,2
1786,20,14,137.03433445626916,43,8,86,3,0,2
1787,45,56,122.98485532421789,90,7,45,3,0,2
1788,46,38,107.92693882345414,22,6,77,1,1,1
1789,26,53,108.35231371136867,55,3,9,2,0,3
1790,20,36,142.97020372417126,67,0,24,2,0,2
1791,42,40,58.45713267454968,99,7,15,1,1,3
1792,51,17,20.144572245504364,60,3,36,4,0,0
1793,29,30,55.35409272176583,58,2,13,1,0,3
1794,59,9,48.325879351476715,12,8,44,2,1,0
1795,26,33,106.03849606481977,88,9,71,4,0,2
1796,32,56,102.38250796951877,69,3,72,3,0,3
1797,57,52,97.1499797516141,84,3,78,1,0,2
1798,42,25,22.111647617228982,39,8,76,4,0,0
1799,22,14,114.74114707858418,13,1,36,4,0,1
1800,28,11,62.0589536231139,41,4,61,4,0,0
1801,51,53,106.45727857086204,57,3,81,1,0,3
1802,41,35,92.35519570527994,53,8,40,3,0,2
1803,32,41,64.55502030562793,12,4,27,4,0,1
1804,55,59,37.49491472353401,13,8,1,1,1,3
1805,25,14,32.274456695862526,74,8,34,2,1,0
1806,22,30,128.09738330458907,97,1,68,1,0,2
1807,65,41,139.39168047060252,57,8,88,1,1,2
1808,43,4,104.47244607935895,40,2,21,1,1,0
1809,35,59,33.44643493186284,80,3,33,4,0,3
1810,23,4,72.26353819547128,45,0,7,1,1,0
1811,54,28,114.76209601367044,35,0,65,2,0,1
1812,65,8,121.37671492130886,3,0,3,4,0,1
1813,30,2,35.36842089784152,5,8,51,2,1,0
1814,45,41,20.003993449899713,90,7,79,5,0,3
1815,22,46,112.57781596447865,11,4,54,1,0,1
1816,30,22,66.35750287820673,71,4,80,4,0,0
1817,34,41,53.082573110373836,56,8,74,4,0,3
1818,67,56,21.676671072638307,10,2,59,1,0,3
1819,57,55,90.23892287899496,34,2,6,3,0,3
1820,62,16,130.6495956053776,67,6,29,3,0,2
1821,49,29,144.4921140154364,72,8,17,2,1,2
1822,46,49,93.5468435797276,31,5,60,1,0,1
1823,68,48,86.87997260618624,75,1,22,1,0,3
1824,20,30,31.057330113601346,71,0,24,5,0,3
1825,57,12,91.35346420053797,66,1,81,3,0,0
1826,51,35,69.39728026550131,70,0,85,3,0,3
1827,57,11,98.927586514865,41,9,51,1,1,0
1828,44,46,70.53442522395108,63,9,50,2,1,3
1829,30,50,51.23888604854768,32,8,11,1,1,3
1830,62,21,32.34548577968894,20,9,56,2,1,0
1831,50,21,60.93939779655644,57,7,71,3,0,0
1832,23,5,32.563828457407794,98,6,42,5,1,0
1833,41,48,42.99660360711791,50,2,39,4,0,3
1834,36,20,148.35370061534098,80,7,69,3,0,2
1835,33,37,77.73346239786042,25,1,48,2,0,1
1836,57,3,89.14332964565216,12,1,57,1,1,0
1837,45,44,133.570408735838,71,9,21,3,0,2
1838,50,33,149.4239570637894,39,2,82,5,0,1
1839,65,53,95.75287841480859,17,6,20,2,1,1
1840,58,9,125.62159673574232,45,0,15,1,1,2
1841,30,9,62.50233316376779,11,7,69,4,1,0
1842,60,4,59.74671446814784,70,6,77,2,1,0
1843,62,35,72.35148372929282,23,3,51,1,0,1
1844,42,17,107.42594414757438,91,4,76,4,0,2
1845,59,34,108.68491960316284,70,9,62,1,1,2
1846,53,24,60.98112650442861,38,0,85,4,0,0
1847,44,32,37.31729013776173,2,3,37,4,0,3
1848,55,1,102.21151334051612,86,0,6,4,0,2
1849,24,8,36.68236208453939,84,0,71,1,1,0
1850,22,45,95.20402606981291,89,9,26,4,0,2
1851,60,23,110.14487664732017,79,0,8,2,0,2
1852,62,47,111.07949453127871,93,6,73,5,0,2
1853,68,40,117.95137438574757,72,6,4,5,0,2
1854,48,12,133.4717248035364,37,3,21,4,0,1
1855,40,54,84.9946689554225,49,1,31,5,0,3
1856,59,12,114.93239463884426,52,2,21,5,0,2
1857,27,46,100.49245559755877,33,7,25,4,0,1
1858,49,47,44.263192173698734,22,7,15,4,0,3
1859,60,15,23.33965383302306,5,5,35,2,0,0
1860,47,41,56.99038013800139,18,9,49,3,0,3
1861,56,19,77.59438182389053,38,8,43,1,1,0
1862,48,26,100.22377277572532,37,8,41,4,0,1
1863,35,52,130.49471296541668,94,3,37,4,0,2
1864,53,29,45.51194317180153,95,0,57,5,0,0
1865,19,22,36.321472686802025,64,0,42,2,0,0
1866,31,40,145.25239317166256,10,9,47,5,0,1
1867,30,21,34.04579271893292,79,4,61,4,0,0
1868,46,51,82.20383911393459,42,1,14,4,0,3
1869,29,38,96.12328474312925,48,5,68,5,0,1
1870,56,20,90.37867471796697,44,6,53,4,0,0
1871,19,57,31.184180414282615,82,0,84,3,0,3
1872,49,29,27.41349882047052,87,5,34,1,0,0
1873,30,51,33.712845569934636,97,7,76,1,1,3
1874,63,4,96.12639890343962,16,4,24,1,1,1
1875,44,55,90.76483539246175,54,6,20,3,0,3
1876,66,7,50.38630296477675,35,9,69,4,0,0
1877,58,28,102.9106384399269,98,5,30,5,0,2
1878,34,28,126.60877526723442,28,3,88,2,0,1
1879,57,4,25.405264780057188,2,6,7,4,0,0
1880,48,22,84.75689266124552,94,9,36,3,0,2
1881,51,12,109.61035357334974,13,8,38,3,0,1
1882,41,45,52.80055051905932,41,9,80,1,1,3
1883,62,3,60.010217688109385,80,9,52,4,0,0
1884,52,22,99.77292738861989,59,6,15,1,1,2
1885,65,44,136.73158814768578,69,4,46,2,0,2
1886,23,2,125.29017463937691,92,6,23,1,1,2
1887,36,24,95.80692848294586,53,2,12,2,0,2
1888,47,34,114.92882330844239,45,1,44,3,0,1
1889,24,27,67.42692112701383,20,4,15,1,0,1
1890,27,55,103.32551865283851,24,3,49,1,0,1
1891,58,41,80.60360684658241,61,4,21,5,0,3
1892,49,1,44.69169773948292,91,7,15,3,0,0
1893,51,8,111.22597560404343,94,3,14,5,0,2
1894,45,23,92.34040285534687,58,8,42,2,1,2
1895,32,38,66.62080565396688,27,6,80,2,1,3
1896,47,6,138.474094710222,26,9,15,3,1,1
1897,54,22,22.721435317475326,7,6,63,2,1,0
1898,46,25,61.05050966243448,42,7,68,3,0,0
1899,39,18,27.39458171109405,47,5,27,2,0,0
1900,21,17,119.64855110881153,53,7,87,4,0,2
1901,37,12,111.27396903479304,59,2,53,1,0,2
1902,49,6,63.075788435721215,38,9,52,4,0,0
1903,53,26,107.8361772869195,69,9,63,3,0,2
1904,67,27,71.47183940547347,87,0,73,3,0,2
1905,21,8,118.31299288491647,92,5,53,4,0,2
1906,44,19,79.04387615577178,98,0,57,1,0,2
1907,34,42,73.59636461811652,53,8,52,1,1,3
1908,29,1,141.51488901347912,15,1,43,5,0,1
1909,39,57,52.61428298579103,96,1,7,2,0,3
1910,34,29,35.65815419955351,26,6,42,5,0,0
1911,27,45,95.99060472372956,48,1,4,1,0,3
1912,18,49,146.01183559694326,95,9,69,4,0,2
1913,39,35,69.11909778453426,19,7,5,2,1,1
1914,43,40,28.0647792717416,9,5,75,4,0,3
1915,35,14,64.10968475024376,64,6,80,5,0,0
1916,67,35,85.7711150615426,93,6,41,3,0,2
1917,31,48,41.049990862187784,54,5,4,4,0,3
1918,64,45,105.55328834734397,51,9,2,5,0,1
1919,46,20,149.70742057132608,39,8,67,5,0,1
1920,29,56,78.7261318775877,4,8,21,5,0,1
1921,53,49,66.11471237492765,3,6,70,3,0,1
1922,52,13,72.09154168848066,64,8,43,3,0,0
1923,69,38,34.969003191376146,29,9,82,3,0,3
1924,29,49,134.8255681854091,11,2,69,2,0,1
1925,24,46,73.92733521777575,97,2,9,3,0,3
1926,46,49,70.34567348522937,58,0,84,3,0,3
1927,28,8,105.75973548096167,75,4,28,3,0,2
1928,50,43,77.46434472104606,27,3,26,4,0,1
1929,23,20,104.27035094501998,97,1,82,3,0,2
1930,64,33,27.988017717002375,21,8,83,2,1,3
1931,32,26,125.78403468388957,39,2,3,5,0,1
1932,49,39,142.26551387432232,95,7,73,4,0,2
1933,68,21,104.33950020072017,46,5,49,1,0,1
1934,28,53,144.09357075164542,66,4,17,3,0,2
1935,40,49,39.68620086809523,91,0,63,5,0,3
1936,43,42,82.06410463244598,36,3,55,5,0,3
1937,51,43,98.23487541290814,75,2,23,4,0,2
1938,63,54,95.62576416475427,82,0,34,1,0,3
1939,51,41,72.19003128157561,65,4,69,2,0,3
1940,46,9,63.95097321761398,63,5,15,5,0,0
1941,21,24,36.487122931554445,99,1,47,5,0,0
1942,34,37,70.92651857309616,35,2,3,5,0,3
1943,52,49,41.14590596371307,31,5,83,5,0,3
1944,30,41,115.46753794398839,28,3,28,4,0,1
1945,58,17,47.148021614296695,1,8,3,1,1,0
1946,56,24,27.6134896869894,25,4,4,5,0,0
1947,32,21,91.80759791624047,43,3,88,2,0,1
1948,46,51,97.37986525352221,84,1,31,2,0,2
1949,46,59,133.34869796646572,67,5,45,3,0,2
1950,28,39,95.00760961429864,63,9,59,5,0,2
1951,69,55,64.91251098404794,51,1,45,5,0,3
1952,49,41,124.39154459842167,2,6,75,5,0,1
1953,19,39,90.23625611436474,82,2,37,5,0,2
1954,64,13,30.306437002054928,64,8,65,5,0,0
1955,31,11,93.56057284072206,74,4,9,2,1,2
1956,37,46,138.0424109048161,69,7,17,1,1,2
1957,39,19,71.52064131476868,9,5,65,1,0,1
1958,28,11,58.52235424697401,2,9,3,3,0,0
1959,44,13,38.65102941234261,34,7,26,2,1,0
1960,20,46,39.68791785159645,60,2,53,5,0,3
1961,34,45,76.26029296443646,61,2,31,1,0,3
1962,61,1,97.43837714099884,31,4,26,4,0,0
1963,45,40,30.48000267204823,10,9,23,4,0,3
1964,46,44,142.14391657327155,76,2,30,4,0,2
1965,38,19,118.16737026787547,36,7,10,5,0,1
1966,64,12,96.26110937687615,85,9,72,5,0,2
1967,33,8,127.69702722206881,49,7,89,3,0,2
1968,54,8,30.424278385574727,70,1,64,3,0,0
1969,37,53,81.98905410530617,49,3,22,3,0,3
1970,23,45,101.91210649201625,3,9,15,4,0,1
1971,36,12,127.7248777953776,74,0,56,5,0,2
1972,22,48,121.8510428064048,5,3,74,4,0,1
1973,20,33,56.01900246274195,90,3,20,3,0,3
1974,18,45,142.31442204269655,61,9,47,5,0,2
1975,55,26,36.164959386013145,85,8,87,2,1,0
1976,32,39,133.76737042074978,90,2,53,1,0,2
1977,51,28,146.2222324486004,26,1,53,1,0,1
1978,52,58,43.02995801894132,72,8,1,3,0,3
1979,66,5,113.86858834649209,5,8,2,4,0,1
1980,42,8,25.2371174411398,15,0,58,2,1,0
1981,41,25,72.70496726809014,16,5,19,5,0,1
1982,29,27,87.11682889569762,1,9,62,4,0,1
1983,35,46,95.48387936825243,16,7,78,3,0,1
1984,32,23,141.67184227231274,37,2,72,4,0,1
1985,61,30,107.39258934824531,3,8,12,3,0,1
1986,33,45,82.5661336585008,52,1,26,1,0,3
1987,44,47,125.2577547145656,47,5,27,1,0,1
1988,25,23,143.56926672407315,95,0,29,4,0,2
1989,63,49,22.868599328697808,13,6,15,2,1,3
1990,42,47,147.72776539328504,80,2,46,5,0,2
1991,34,20,31.197178078278444,55,6,1,3,0,0
1992,46,18,125.87028130493897,21,3,60,5,0,1
1993,25,18,56.44351783168362,66,8,57,1,1,0
1994,32,2,37.18335550800333,54,4,3,2,1,0
1995,44,4,77.18123316279853,27,2,18,2,1,0
1996,63,30,103.71435532818975,38,7,52,5,0,1
1997,67,33,69.52373985305175,90,5,60,1,0,2
1998,69,36,27.093503076750864,58,1,34,5,0,3
1999,24,18,97.92994815563316,62,2,89,4,0,2
2000,20,37,137.31242589438773,46,7,60,2,1,1
