Age,Annual_Income,Credit_Score,Loan_Amount,Debt_to_Income_Ratio,Employment_Duration_Years,Prior_Defaults,Approved
59,98392.0,517,24000.0,0.227,14.5,1,0
49,106789.0,592,21000.0,0.082,3.1,1,1
35,93042.0,742,25000.0,0.48,1.4,0,0
63,46774.0,797,10000.0,0.273,6.3,0,0
28,61887.0,555,19000.0,0.166,8.0,0,0
41,87234.0,610,18000.0,0.304,8.3,0,1
59,44447.0,658,13000.0,0.173,12.2,0,0
39,92825.0,684,18000.0,0.414,4.6,1,0
43,68992.0,591,24000.0,0.346,8.4,1,0
31,65629.0,696,25000.0,0.135,0.9,0,1
31,92774.0,620,17000.0,0.151,2.6,0,1
44,86107.0,659,25000.0,0.318,3.0,0,0
56,65976.0,706,11000.0,0.302,4.3,0,1
60,103983.0,661,34000.0,0.331,15.9,0,0
44,47973.0,623,11000.0,0.178,12.4,0,1
23,90398.0,651,28000.0,0.2,0.9,0,1
42,89828.0,652,27000.0,0.162,1.1,0,0
22,67261.0,629,29000.0,0.163,2.0,1,0
44,83153.0,638,26000.0,0.119,2.1,0,0
64,43722.0,796,14000.0,0.344,5.7,0,0
50,98101.0,708,27000.0,0.232,14.0,0,1
58,70377.0,635,31000.0,0.24,19.7,0,1
22,61932.0,719,24000.0,0.331,2.0,0,1
41,101225.0,632,24000.0,0.05,10.9,0,1
53,57391.0,760,23000.0,0.234,4.5,1,0
32,39788.0,691,11000.0,0.354,1.4,0,1
42,36084.0,651,14000.0,0.076,4.5,0,0
64,90150.0,698,36000.0,0.333,4.9,0,1
45,42989.0,526,9000.0,0.235,8.1,0,0
47,118870.0,564,43000.0,0.218,1.5,0,0
62,22952.0,559,5000.0,0.221,2.8,1,0
48,117411.0,672,28000.0,0.094,2.7,0,1
36,80275.0,807,19000.0,0.05,16.0,0,1
35,72582.0,850,27000.0,0.308,3.5,0,1
64,61377.0,714,13000.0,0.084,8.4,0,1
23,84978.0,703,13000.0,0.14,3.0,0,1
57,74059.0,507,27000.0,0.491,1.9,0,0
27,102583.0,614,21000.0,0.197,5.1,0,1
41,77856.0,593,14000.0,0.244,13.5,0,1
29,78758.0,607,17000.0,0.128,3.9,1,0
59,65910.0,646,17000.0,0.352,17.4,0,0
38,73576.0,620,22000.0,0.05,1.4,1,0
24,82695.0,492,14000.0,0.305,0.5,0,0
45,32246.0,724,14000.0,0.064,13.3,1,0
34,41295.0,569,15000.0,0.438,11.3,0,0
29,93582.0,680,23000.0,0.264,9.0,0,0
46,79272.0,836,19000.0,0.089,6.8,1,0
22,70400.0,582,20000.0,0.192,2.0,0,0
40,75461.0,445,25000.0,0.268,10.5,1,0
48,83690.0,636,16000.0,0.125,11.2,1,0
27,61506.0,754,13000.0,0.151,5.1,0,1
64,55542.0,826,23000.0,0.365,2.9,0,1
28,79896.0,555,18000.0,0.195,8.0,0,0
55,50541.0,702,13000.0,0.339,3.4,0,1
34,85206.0,620,35000.0,0.244,4.6,0,1
37,32435.0,651,11000.0,0.264,3.5,0,0
56,100729.0,850,25000.0,0.319,5.0,0,1
60,86815.0,532,31000.0,0.395,3.8,1,0
24,81401.0,682,13000.0,0.095,0.3,0,1
22,99567.0,700,37000.0,0.293,2.0,0,1
26,116637.0,752,35000.0,0.439,3.5,1,0
62,100359.0,668,40000.0,0.296,5.3,0,1
24,28978.0,686,13000.0,0.227,0.9,0,1
49,43011.0,627,18000.0,0.367,0.0,0,0
38,59380.0,683,25000.0,0.479,1.7,0,0
46,75652.0,631,23000.0,0.251,7.3,0,0
64,87941.0,713,23000.0,0.276,0.6,0,1
54,56856.0,629,16000.0,0.266,14.4,1,0
30,79669.0,692,28000.0,0.059,1.5,0,1
56,56115.0,658,23000.0,0.306,1.4,0,1
34,59712.0,756,13000.0,0.066,1.2,0,1
51,39833.0,656,17000.0,0.279,0.1,0,0
35,51919.0,509,20000.0,0.054,8.9,1,0
28,41208.0,767,18000.0,0.09,8.0,0,1
34,50603.0,583,21000.0,0.15,5.7,0,1
43,101341.0,604,24000.0,0.133,1.3,0,0
60,51265.0,609,9000.0,0.315,2.0,0,0
41,140810.0,777,26000.0,0.164,3.9,0,1
36,87333.0,478,21000.0,0.07,16.0,0,0
65,79621.0,850,27000.0,0.123,1.7,0,1
38,53541.0,750,21000.0,0.218,7.9,0,1
44,92508.0,679,39000.0,0.215,3.5,0,1
46,60609.0,655,20000.0,0.221,2.1,0,1
45,78050.0,684,12000.0,0.315,3.7,0,1
65,139002.0,704,29000.0,0.349,0.4,0,0
61,72599.0,715,13000.0,0.266,9.6,0,1
49,103732.0,707,27000.0,0.181,1.7,0,1
35,57421.0,668,17000.0,0.152,7.8,0,1
65,74125.0,643,12000.0,0.444,0.4,0,0
21,119270.0,647,30000.0,0.212,1.0,0,1
45,59326.0,643,12000.0,0.247,1.3,0,1
27,120311.0,756,41000.0,0.137,7.0,0,1
29,92694.0,710,27000.0,0.136,9.0,0,0
44,60938.0,410,18000.0,0.084,20.6,0,0
21,90810.0,716,25000.0,0.202,1.0,1,1
64,99314.0,677,43000.0,0.136,7.8,0,1
28,90545.0,658,19000.0,0.155,2.8,0,1
44,35744.0,627,11000.0,0.345,1.2,0,0
31,56822.0,756,21000.0,0.06,3.5,1,0
37,68812.0,741,22000.0,0.12,1.1,0,1
28,73139.0,594,31000.0,0.229,8.0,0,1
55,90517.0,695,24000.0,0.22,0.6,0,1
55,79443.0,577,23000.0,0.391,5.3,0,0
53,41616.0,543,7000.0,0.05,5.9,0,0
25,84505.0,607,28000.0,0.365,4.6,0,0
62,90265.0,733,21000.0,0.078,6.5,0,0
59,88995.0,741,18000.0,0.159,0.7,0,1
61,102020.0,704,32000.0,0.058,4.9,1,0
48,95848.0,722,30000.0,0.05,2.0,0,1
27,86480.0,704,15000.0,0.361,7.0,0,1
29,73246.0,605,26000.0,0.107,8.6,1,0
28,33476.0,697,11000.0,0.281,8.0,1,0
32,85740.0,728,18000.0,0.135,0.2,1,0
54,80192.0,724,23000.0,0.397,2.0,0,1
53,81789.0,761,30000.0,0.145,1.3,1,0
43,43081.0,720,13000.0,0.17,0.1,0,0
44,47974.0,690,13000.0,0.118,1.7,0,1
57,101329.0,751,25000.0,0.084,6.8,0,1
55,74011.0,658,25000.0,0.3,1.6,0,1
64,92038.0,585,40000.0,0.196,4.3,0,1
60,75708.0,646,27000.0,0.05,13.1,1,0
42,75744.0,597,13000.0,0.403,7.1,0,1
47,98457.0,603,28000.0,0.173,3.0,0,1
55,62099.0,648,26000.0,0.089,2.8,0,1
21,77403.0,593,14000.0,0.054,1.0,0,1
55,63443.0,634,28000.0,0.092,1.2,0,1
57,64138.0,499,28000.0,0.24,6.0,0,0
34,67271.0,678,12000.0,0.31,2.7,0,1
23,80553.0,660,35000.0,0.16,3.0,0,1
21,63031.0,591,16000.0,0.569,1.0,0,0
25,106394.0,716,43000.0,0.146,5.0,0,1
46,52635.0,740,15000.0,0.183,2.7,0,1
34,70328.0,523,20000.0,0.077,1.4,0,0
59,64007.0,595,22000.0,0.176,9.0,0,0
47,111174.0,595,43000.0,0.323,4.0,0,1
29,79914.0,580,13000.0,0.436,1.5,0,0
35,100796.0,731,33000.0,0.279,1.3,0,1
35,37861.0,644,8000.0,0.05,1.1,0,0
46,81676.0,638,21000.0,0.07,9.0,0,1
62,97241.0,490,25000.0,0.05,1.6,0,0
33,77057.0,714,22000.0,0.098,4.5,0,1
52,101637.0,555,25000.0,0.127,3.6,1,0
59,62068.0,665,11000.0,0.085,5.2,0,1
52,110234.0,684,21000.0,0.266,12.6,0,0
24,132472.0,776,21000.0,0.081,4.0,0,1
50,65929.0,549,19000.0,0.241,3.6,0,0
57,63862.0,403,28000.0,0.297,0.1,0,0
43,111335.0,676,21000.0,0.156,3.3,1,0
59,114489.0,813,50000.0,0.348,5.6,0,1
65,61928.0,765,23000.0,0.257,4.9,0,1
35,64495.0,678,22000.0,0.124,6.3,0,1
63,67955.0,618,23000.0,0.181,1.0,0,1
49,41389.0,729,16000.0,0.133,6.2,0,1
56,52034.0,577,9000.0,0.291,1.2,0,0
33,49896.0,700,15000.0,0.262,8.3,1,0
52,55805.0,703,20000.0,0.221,2.5,0,1
27,74133.0,750,24000.0,0.059,7.0,1,0
42,80855.0,850,32000.0,0.119,0.3,1,0
48,113763.0,693,20000.0,0.103,3.1,0,1
22,50041.0,617,18000.0,0.05,2.0,0,1
62,99608.0,658,31000.0,0.072,1.5,0,1
65,69650.0,510,18000.0,0.074,9.5,0,0
26,73763.0,601,19000.0,0.16,6.0,0,1
48,91870.0,625,31000.0,0.283,5.3,0,1
48,46932.0,615,20000.0,0.13,2.6,0,1
64,84560.0,673,25000.0,0.165,4.0,0,1
64,79161.0,590,31000.0,0.165,5.5,0,1
40,87311.0,755,24000.0,0.179,3.8,0,1
50,82229.0,660,15000.0,0.194,7.2,0,1
31,136383.0,659,23000.0,0.345,3.4,0,1
48,59057.0,632,10000.0,0.157,1.4,0,0
45,61725.0,673,16000.0,0.349,1.4,0,1
59,59421.0,730,15000.0,0.19,0.0,0,1
53,61113.0,586,22000.0,0.171,2.1,0,1
21,59065.0,604,22000.0,0.495,1.0,1,0
47,104725.0,634,17000.0,0.308,9.5,0,1
33,110513.0,546,24000.0,0.05,1.4,0,0
61,60731.0,590,14000.0,0.237,19.2,0,1
23,54191.0,620,17000.0,0.077,3.0,0,1
59,86785.0,734,17000.0,0.195,14.9,0,1
26,61194.0,682,12000.0,0.086,6.0,0,1
28,90823.0,676,39000.0,0.218,7.7,0,1
47,80073.0,732,31000.0,0.407,0.5,0,1
29,37106.0,648,8000.0,0.246,1.5,0,0
57,113688.0,693,31000.0,0.148,0.1,0,0
53,119897.0,651,31000.0,0.133,7.6,0,0
62,59680.0,683,23000.0,0.37,2.5,1,0
64,65307.0,610,20000.0,0.241,9.3,0,0
44,82147.0,453,15000.0,0.357,2.5,0,0
35,83361.0,649,31000.0,0.272,10.3,1,1
52,91464.0,781,25000.0,0.174,0.8,0,1
52,125255.0,739,29000.0,0.228,1.1,1,0
44,70576.0,742,19000.0,0.431,2.5,0,0
61,55043.0,765,16000.0,0.185,3.2,0,0
32,40517.0,668,10000.0,0.128,2.6,0,0
59,56727.0,677,13000.0,0.12,8.7,1,0
22,74172.0,607,20000.0,0.278,0.6,0,1
23,119864.0,633,19000.0,0.142,2.6,0,1
57,62060.0,712,24000.0,0.16,10.9,0,1
37,80595.0,762,16000.0,0.324,0.4,0,1
22,74589.0,648,12000.0,0.071,2.0,0,0
22,104710.0,622,36000.0,0.196,2.0,0,1
48,138173.0,660,53000.0,0.344,0.6,1,0
43,61728.0,711,24000.0,0.221,2.1,0,1
57,62764.0,537,19000.0,0.197,2.8,0,0
52,101104.0,465,21000.0,0.264,9.0,0,0
53,92047.0,613,34000.0,0.226,5.4,1,0
21,121168.0,556,44000.0,0.172,1.0,1,0
39,89598.0,617,20000.0,0.05,8.5,0,1
22,66018.0,647,28000.0,0.273,0.8,1,0
64,89766.0,621,16000.0,0.064,10.7,0,0
46,102718.0,783,46000.0,0.285,7.3,0,1
52,95512.0,688,39000.0,0.05,5.2,0,1
26,87682.0,686,31000.0,0.094,6.0,0,1
52,101667.0,713,44000.0,0.218,7.2,0,1
24,104232.0,563,38000.0,0.164,1.4,0,0
31,109554.0,748,23000.0,0.145,3.4,0,1
37,91218.0,654,26000.0,0.477,4.1,0,0
58,70822.0,717,12000.0,0.289,0.3,0,0
44,78668.0,569,21000.0,0.05,18.6,0,0
25,105163.0,528,39000.0,0.343,0.8,1,0
54,54577.0,730,15000.0,0.318,7.2,0,1
26,84217.0,692,21000.0,0.253,4.2,0,1
42,65167.0,583,21000.0,0.132,0.2,0,1
31,75719.0,586,31000.0,0.277,11.0,0,1
36,106961.0,756,18000.0,0.199,11.5,0,1
53,79777.0,559,21000.0,0.306,4.5,0,0
29,76161.0,800,15000.0,0.099,1.6,0,1
26,41004.0,583,15000.0,0.123,0.8,0,0
36,93656.0,714,17000.0,0.077,2.7,0,1
49,91137.0,632,32000.0,0.106,1.8,0,1
23,129081.0,711,30000.0,0.14,3.0,0,1
40,67306.0,614,14000.0,0.227,20.0,0,0
56,80479.0,646,35000.0,0.107,5.1,0,1
39,81235.0,663,13000.0,0.19,13.2,0,1
46,114436.0,575,32000.0,0.34,6.3,0,0
23,72618.0,723,11000.0,0.252,3.0,0,0
39,81976.0,616,24000.0,0.138,11.6,0,1
40,90197.0,641,27000.0,0.05,3.8,0,1
52,79665.0,575,20000.0,0.196,12.2,0,0
27,63839.0,442,12000.0,0.13,2.1,0,0
61,79852.0,644,21000.0,0.082,0.8,0,1
53,101841.0,850,36000.0,0.201,11.6,0,1
60,49337.0,727,19000.0,0.317,5.3,0,1
59,78324.0,658,24000.0,0.12,13.2,1,0
38,57497.0,638,19000.0,0.294,16.7,0,1
60,104876.0,662,22000.0,0.163,0.3,0,1
21,36920.0,707,9000.0,0.24,1.0,0,1
31,61027.0,560,12000.0,0.336,2.8,0,0
48,84430.0,755,19000.0,0.05,5.9,0,1
45,114138.0,721,25000.0,0.247,9.5,0,1
43,73356.0,721,22000.0,0.46,2.0,0,0
51,61120.0,697,19000.0,0.377,4.9,0,1
50,122029.0,662,53000.0,0.086,7.4,0,1
62,38800.0,717,8000.0,0.221,0.9,0,1
55,20030.0,710,7000.0,0.503,10.1,0,1
27,86000.0,630,34000.0,0.147,5.6,0,1
36,62449.0,611,20000.0,0.336,16.0,1,0
46,49469.0,669,11000.0,0.211,2.5,0,1
22,92709.0,792,21000.0,0.154,0.7,0,1
21,81095.0,555,13000.0,0.334,1.0,0,0
32,60898.0,535,15000.0,0.334,0.5,1,0
25,42992.0,674,16000.0,0.091,5.0,0,0
57,96811.0,664,16000.0,0.371,0.2,0,1
52,91255.0,675,20000.0,0.05,8.4,1,0
29,72521.0,681,26000.0,0.15,4.5,0,0
61,121166.0,641,47000.0,0.204,2.8,0,0
55,48248.0,787,14000.0,0.147,0.4,0,1
39,36862.0,524,13000.0,0.196,5.8,0,0
36,57702.0,590,15000.0,0.128,5.3,0,1
23,73860.0,651,15000.0,0.184,2.0,1,0
40,81083.0,520,22000.0,0.294,14.5,0,0
44,68969.0,645,22000.0,0.194,2.2,0,1
53,83801.0,801,36000.0,0.437,3.6,0,0
44,43712.0,662,7000.0,0.192,4.7,0,0
31,111094.0,680,34000.0,0.162,0.6,0,1
28,72946.0,553,18000.0,0.525,8.0,0,0
56,102932.0,608,31000.0,0.341,2.8,0,1
58,83568.0,628,13000.0,0.27,0.5,0,1
60,86419.0,633,21000.0,0.05,2.9,0,1
40,89244.0,769,35000.0,0.406,5.5,0,1
55,86193.0,707,27000.0,0.295,4.3,0,1
45,91068.0,566,26000.0,0.075,7.1,0,0
55,108229.0,681,26000.0,0.262,0.3,0,1
45,79913.0,702,19000.0,0.096,2.0,0,1
49,92725.0,757,25000.0,0.373,10.3,0,1
38,72757.0,794,29000.0,0.385,0.5,0,1
38,111003.0,574,49000.0,0.317,11.6,0,0
22,58090.0,591,16000.0,0.13,0.6,0,1
55,120024.0,553,32000.0,0.307,10.8,0,0
36,73996.0,640,30000.0,0.061,2.7,0,1
61,39231.0,700,11000.0,0.212,5.7,0,1
56,78203.0,744,25000.0,0.159,1.0,0,1
53,57974.0,654,13000.0,0.155,0.4,0,0
24,96016.0,633,36000.0,0.065,1.5,0,1
53,58684.0,673,18000.0,0.204,0.8,0,1
34,63845.0,589,25000.0,0.091,2.2,0,1
41,27761.0,838,11000.0,0.135,4.3,0,1
40,63692.0,523,14000.0,0.269,5.3,0,0
28,20000.0,676,7000.0,0.203,8.0,1,0
27,35402.0,832,14000.0,0.138,6.4,0,1
23,94010.0,661,24000.0,0.092,3.0,0,1
37,94645.0,644,19000.0,0.242,3.2,0,1
53,85636.0,630,13000.0,0.252,3.9,0,1
32,50826.0,645,14000.0,0.119,3.2,0,0
42,73807.0,777,19000.0,0.145,11.1,0,0
42,74910.0,472,24000.0,0.209,1.6,0,0
50,46041.0,790,10000.0,0.09,0.0,0,1
58,112585.0,539,46000.0,0.228,6.3,0,0
58,96934.0,637,22000.0,0.078,1.4,0,1
65,69476.0,624,15000.0,0.101,13.2,0,1
28,75672.0,710,22000.0,0.05,8.0,1,0
47,80210.0,524,24000.0,0.097,0.5,0,0
47,23957.0,699,5000.0,0.05,0.7,0,1
54,68821.0,832,16000.0,0.141,4.1,0,1
41,57950.0,544,12000.0,0.12,5.6,0,0
50,49959.0,676,18000.0,0.05,1.9,0,1
53,67972.0,604,26000.0,0.189,7.6,0,1
48,119942.0,696,35000.0,0.37,5.4,0,1
53,91021.0,662,33000.0,0.468,2.4,0,0
25,60721.0,605,23000.0,0.05,0.2,1,0
39,89315.0,701,17000.0,0.216,8.3,0,1
24,109984.0,813,48000.0,0.247,1.5,1,1
55,98116.0,644,39000.0,0.283,10.8,0,1
37,76491.0,721,16000.0,0.15,3.3,1,0
64,58827.0,550,12000.0,0.239,5.2,0,0
48,92456.0,579,17000.0,0.289,12.4,0,0
50,84837.0,700,16000.0,0.401,12.0,0,1
49,97380.0,786,36000.0,0.205,2.8,0,1
26,90879.0,690,26000.0,0.05,1.4,0,1
55,101239.0,633,39000.0,0.156,9.0,0,0
61,61619.0,660,23000.0,0.238,3.4,0,1
57,107935.0,554,36000.0,0.129,1.3,0,0
44,79940.0,711,28000.0,0.272,14.1,0,1
49,126882.0,735,20000.0,0.059,1.3,0,1
51,57770.0,622,14000.0,0.45,0.2,0,0
55,118399.0,620,40000.0,0.126,0.1,0,1
53,79948.0,683,12000.0,0.069,5.8,0,1
41,58715.0,623,9000.0,0.092,6.5,1,1
52,62903.0,654,26000.0,0.341,2.2,0,1
43,66991.0,838,24000.0,0.1,2.3,0,1
53,85604.0,639,20000.0,0.224,2.5,0,1
23,88071.0,630,31000.0,0.408,3.0,0,0
38,60657.0,605,24000.0,0.089,0.4,0,1
45,74391.0,723,18000.0,0.358,15.9,0,1
62,128557.0,645,21000.0,0.286,1.5,0,1
51,118189.0,605,51000.0,0.05,31.0,0,1
23,85908.0,772,22000.0,0.307,1.1,0,1
60,75950.0,781,14000.0,0.31,8.9,0,1
44,78001.0,609,23000.0,0.05,1.5,0,0
52,90338.0,501,34000.0,0.182,0.5,0,0
42,49430.0,746,11000.0,0.202,12.5,0,1
43,68566.0,602,16000.0,0.146,11.7,0,1
22,33285.0,727,7000.0,0.13,2.0,0,1
47,84981.0,493,38000.0,0.05,7.3,0,0
62,91180.0,736,19000.0,0.243,4.9,0,1
22,62920.0,557,20000.0,0.05,2.0,0,0
46,114350.0,722,49000.0,0.19,2.3,0,1
37,44356.0,661,9000.0,0.144,4.4,0,0
60,38391.0,579,17000.0,0.165,4.0,0,0
53,80611.0,625,35000.0,0.259,2.6,0,1
29,101177.0,718,42000.0,0.145,9.0,0,1
63,117098.0,669,25000.0,0.232,1.1,0,1
59,63528.0,710,22000.0,0.17,1.0,0,1
49,101967.0,828,39000.0,0.128,5.2,0,1
62,74037.0,527,33000.0,0.186,6.4,0,0
46,70684.0,797,14000.0,0.26,1.3,0,1
55,97091.0,669,37000.0,0.238,3.0,0,0
45,91308.0,584,23000.0,0.05,17.6,0,1
44,35590.0,547,7000.0,0.259,1.7,0,1
33,111914.0,644,31000.0,0.217,6.6,1,0
27,109502.0,738,43000.0,0.05,7.0,0,1
56,59361.0,649,17000.0,0.286,3.6,0,1
65,84895.0,788,26000.0,0.201,16.6,0,1
40,87351.0,537,39000.0,0.439,8.0,0,0
21,81517.0,659,22000.0,0.091,1.0,0,1
28,61242.0,554,20000.0,0.258,5.1,0,0
36,58209.0,691,15000.0,0.145,7.1,0,1
34,74361.0,735,20000.0,0.351,5.4,1,0
32,104318.0,624,37000.0,0.18,12.0,0,1
43,88590.0,439,38000.0,0.423,2.6,0,0
35,65735.0,677,21000.0,0.055,2.1,0,1
48,94292.0,697,36000.0,0.207,1.4,0,1
54,20000.0,694,5000.0,0.258,0.2,0,1
22,103719.0,765,22000.0,0.275,0.3,0,1
52,31507.0,569,9000.0,0.37,12.2,0,0
43,65939.0,718,10000.0,0.217,6.8,0,1
42,47008.0,761,11000.0,0.05,6.5,0,1
45,42633.0,509,13000.0,0.109,5.7,0,0
42,104021.0,687,16000.0,0.066,11.4,1,0
42,63307.0,617,15000.0,0.462,3.9,0,0
62,83663.0,653,25000.0,0.164,12.3,0,1
26,73827.0,690,24000.0,0.142,2.7,0,1
35,86926.0,619,37000.0,0.239,15.0,0,1
63,76921.0,603,26000.0,0.26,7.2,0,1
57,42925.0,663,12000.0,0.181,1.8,0,1
53,99907.0,568,43000.0,0.23,5.0,0,1
28,62656.0,568,24000.0,0.294,4.6,0,0
64,36085.0,718,8000.0,0.092,0.9,0,1
64,64297.0,562,12000.0,0.229,5.4,0,0
25,112519.0,717,40000.0,0.216,2.3,0,1
59,96256.0,699,31000.0,0.31,0.3,0,1
24,66284.0,513,26000.0,0.316,4.0,0,0
26,66269.0,602,25000.0,0.124,6.0,1,0
65,66959.0,761,23000.0,0.05,12.6,0,1
52,126919.0,577,57000.0,0.186,6.8,0,0
50,84548.0,621,26000.0,0.245,2.6,0,0
55,85751.0,699,16000.0,0.361,4.3,0,1
60,100757.0,727,40000.0,0.077,6.8,0,1
36,80970.0,639,18000.0,0.05,16.0,1,1
33,68524.0,609,26000.0,0.093,1.8,1,0
62,70091.0,781,31000.0,0.05,12.5,0,1
50,73210.0,808,26000.0,0.228,15.5,0,1
39,74069.0,743,24000.0,0.202,6.7,0,1
37,93191.0,667,27000.0,0.247,16.1,0,0
39,76299.0,591,20000.0,0.094,3.0,0,0
48,93316.0,589,24000.0,0.285,18.3,0,1
46,72982.0,704,25000.0,0.109,7.3,0,0
57,76966.0,696,29000.0,0.208,0.3,0,1
46,25045.0,779,9000.0,0.45,14.2,0,0
43,97908.0,715,21000.0,0.099,4.0,0,1
29,83662.0,532,25000.0,0.117,3.7,0,0
32,99950.0,749,39000.0,0.091,5.0,0,1
21,20000.0,575,6000.0,0.125,1.0,0,0
21,127209.0,627,40000.0,0.12,1.0,0,1
54,71510.0,681,27000.0,0.13,10.7,0,1
52,102705.0,830,36000.0,0.153,0.1,0,1
45,49002.0,850,13000.0,0.237,1.9,0,1
60,90319.0,712,38000.0,0.322,0.0,1,0
65,48665.0,644,10000.0,0.211,3.2,0,1
21,59406.0,705,27000.0,0.169,1.0,0,1
36,122851.0,735,23000.0,0.05,9.6,0,1
59,70233.0,633,11000.0,0.454,17.4,1,0
25,80436.0,813,34000.0,0.197,5.0,0,1
42,96752.0,680,22000.0,0.204,1.8,1,0
49,87392.0,702,32000.0,0.382,15.5,0,1
23,78760.0,717,31000.0,0.133,3.0,1,0
32,84124.0,696,34000.0,0.174,5.1,0,1
46,135085.0,731,60000.0,0.307,7.1,0,1
36,73560.0,608,18000.0,0.325,15.5,0,0
57,80027.0,613,29000.0,0.187,7.5,1,0
42,101266.0,566,19000.0,0.197,2.8,0,0
49,102638.0,697,28000.0,0.398,7.5,0,1
34,104676.0,726,42000.0,0.157,0.2,0,1
48,90968.0,699,24000.0,0.161,2.9,0,1
25,46425.0,802,15000.0,0.247,3.1,0,1
50,115836.0,660,35000.0,0.162,1.1,1,0
25,46341.0,717,16000.0,0.167,0.1,0,1
32,82566.0,567,36000.0,0.256,0.9,0,0
36,56143.0,627,9000.0,0.289,6.4,0,0
46,73397.0,719,24000.0,0.099,9.7,0,1
46,83219.0,732,34000.0,0.195,26.0,0,1
41,83034.0,635,24000.0,0.334,2.6,0,0
59,85548.0,654,15000.0,0.253,5.5,0,1
56,115343.0,531,37000.0,0.207,16.6,0,0
53,86338.0,630,22000.0,0.242,1.1,0,0
50,68896.0,736,14000.0,0.076,7.6,0,1
57,99102.0,709,40000.0,0.159,8.4,1,0
43,104737.0,703,32000.0,0.105,0.6,0,1
30,44310.0,664,19000.0,0.206,10.0,0,0
25,89935.0,661,35000.0,0.375,5.0,0,0
56,92529.0,604,33000.0,0.096,0.2,0,1
54,67561.0,719,10000.0,0.185,0.6,0,1
51,109393.0,696,30000.0,0.117,0.3,0,1
30,71249.0,702,15000.0,0.09,2.4,0,1
39,78139.0,615,33000.0,0.229,4.3,0,1
52,70673.0,477,14000.0,0.081,4.6,0,0
21,75389.0,753,18000.0,0.237,1.0,1,0
25,47593.0,619,15000.0,0.252,5.0,0,1
65,38999.0,587,9000.0,0.122,2.8,1,0
24,114863.0,719,24000.0,0.195,0.3,0,1
36,53826.0,627,18000.0,0.472,2.1,0,0
44,50215.0,750,9000.0,0.05,4.5,0,1
36,21165.0,712,5000.0,0.157,3.1,0,1
22,59026.0,718,15000.0,0.419,1.9,0,1
48,41923.0,544,15000.0,0.243,0.8,0,0
52,116050.0,763,37000.0,0.282,10.3,0,1
47,100245.0,682,28000.0,0.37,27.0,0,1
40,57796.0,629,18000.0,0.322,2.4,1,1
44,131311.0,672,34000.0,0.235,2.9,0,1
32,99544.0,509,43000.0,0.273,5.8,0,0
55,66879.0,695,11000.0,0.103,7.6,0,1
53,20000.0,573,7000.0,0.164,3.0,0,0
53,132274.0,545,55000.0,0.375,14.1,0,0
63,40261.0,531,16000.0,0.382,4.9,0,0
57,33865.0,755,7000.0,0.205,3.6,0,1
32,100564.0,607,24000.0,0.182,6.2,0,1
23,135994.0,790,50000.0,0.102,3.0,0,1
21,109607.0,614,19000.0,0.269,1.0,0,1
53,89098.0,515,35000.0,0.05,0.2,1,0
60,89869.0,565,33000.0,0.107,2.4,0,0
30,96335.0,765,36000.0,0.23,3.8,0,1
63,93973.0,647,17000.0,0.212,2.3,1,0
64,82030.0,613,30000.0,0.186,7.2,0,0
49,77605.0,674,27000.0,0.168,10.5,0,1
33,73435.0,703,29000.0,0.05,7.9,0,1
32,56151.0,755,9000.0,0.379,12.0,0,1
51,67983.0,783,11000.0,0.117,1.9,1,0
22,32676.0,629,9000.0,0.219,2.0,0,0
55,72542.0,547,14000.0,0.403,8.7,0,0
43,50285.0,625,16000.0,0.298,2.7,0,1
37,47410.0,682,20000.0,0.422,7.9,1,0
46,79497.0,578,21000.0,0.115,0.7,0,0
28,109800.0,579,44000.0,0.146,8.0,0,0
49,97958.0,689,15000.0,0.337,4.6,1,0
46,35737.0,656,7000.0,0.176,2.1,0,0
30,50259.0,663,8000.0,0.096,6.4,0,1
46,98519.0,596,24000.0,0.437,6.2,0,0
54,50438.0,640,21000.0,0.134,1.4,0,0
61,69384.0,581,12000.0,0.209,0.2,0,1
27,88751.0,736,29000.0,0.188,3.4,0,1
24,50791.0,748,14000.0,0.22,4.0,0,1
65,77634.0,503,34000.0,0.116,12.6,0,0
31,41649.0,581,8000.0,0.05,11.0,0,0
49,59966.0,533,13000.0,0.242,4.5,0,0
56,82995.0,605,13000.0,0.244,8.4,0,1
45,35175.0,653,10000.0,0.057,3.5,1,0
41,86012.0,537,20000.0,0.151,8.2,0,0
56,74509.0,582,31000.0,0.058,1.4,1,0
30,88812.0,575,29000.0,0.292,2.8,0,0
57,80598.0,678,27000.0,0.062,6.0,0,1
29,109104.0,666,34000.0,0.247,0.1,0,1
44,78131.0,599,14000.0,0.268,7.7,0,0
55,64265.0,675,18000.0,0.178,10.8,0,1
55,78057.0,614,35000.0,0.425,3.1,0,0
56,88582.0,637,35000.0,0.05,3.6,1,0
38,76222.0,802,32000.0,0.293,11.4,0,1
59,76015.0,774,30000.0,0.238,9.0,0,1
52,57450.0,550,10000.0,0.339,2.0,1,0
44,58427.0,731,13000.0,0.43,2.3,1,0
43,39935.0,729,6000.0,0.198,6.8,1,0
52,118739.0,562,29000.0,0.167,5.0,0,0
57,43903.0,730,8000.0,0.376,1.1,0,1
32,57677.0,791,17000.0,0.118,2.2,0,1
33,57040.0,565,20000.0,0.295,13.0,0,0
43,97373.0,582,40000.0,0.229,7.0,0,0
45,67626.0,747,25000.0,0.397,25.0,0,1
55,106194.0,683,46000.0,0.05,8.7,0,1
61,58163.0,707,10000.0,0.05,17.1,0,1
50,81975.0,689,13000.0,0.145,1.5,0,1
37,54116.0,693,19000.0,0.195,8.9,0,1
40,128629.0,547,30000.0,0.271,0.1,0,0
45,45310.0,749,10000.0,0.096,6.7,0,1
42,82746.0,759,21000.0,0.05,3.8,0,1
33,90844.0,641,21000.0,0.492,2.6,0,0
39,85345.0,656,26000.0,0.142,11.9,0,0
56,70368.0,530,20000.0,0.325,11.6,0,0
32,71754.0,704,22000.0,0.084,0.1,0,1
61,76095.0,709,27000.0,0.16,5.6,0,1
39,71325.0,655,19000.0,0.063,2.8,0,0
32,99097.0,756,22000.0,0.454,3.2,0,0
29,130263.0,632,26000.0,0.13,9.0,0,0
27,61063.0,708,16000.0,0.05,2.2,0,1
48,40755.0,573,15000.0,0.382,17.2,0,0
34,72793.0,658,27000.0,0.145,1.2,0,1
51,139493.0,645,49000.0,0.409,6.5,0,1
39,54908.0,679,12000.0,0.24,6.7,0,1
36,115978.0,629,38000.0,0.201,1.7,0,1
25,116943.0,649,38000.0,0.294,2.4,0,1
55,61160.0,730,18000.0,0.11,10.8,0,1
32,89225.0,623,28000.0,0.136,8.6,0,1
45,115710.0,523,34000.0,0.21,2.4,0,0
41,65522.0,809,21000.0,0.292,4.6,0,1
56,69910.0,777,25000.0,0.195,0.4,0,1
43,60458.0,550,11000.0,0.05,1.4,0,0
36,49631.0,719,19000.0,0.216,4.0,0,0
59,58768.0,617,11000.0,0.154,0.5,0,0
65,44401.0,682,8000.0,0.195,11.1,0,1
62,75852.0,685,34000.0,0.174,7.6,0,1
59,55751.0,640,24000.0,0.171,17.3,0,0
34,80845.0,593,14000.0,0.201,7.1,0,1
51,36103.0,601,10000.0,0.32,16.9,1,0
25,83272.0,582,17000.0,0.081,4.9,0,0
55,95838.0,589,28000.0,0.149,5.5,0,1
43,25157.0,654,10000.0,0.076,22.6,0,0
49,84351.0,599,37000.0,0.145,6.2,0,0
63,105692.0,718,36000.0,0.195,0.2,1,0
31,44759.0,786,11000.0,0.082,7.7,0,1
38,116814.0,611,39000.0,0.221,14.2,0,1
32,85475.0,680,21000.0,0.221,9.5,0,1
29,57375.0,702,24000.0,0.094,5.3,0,1
30,73606.0,700,30000.0,0.156,6.7,0,1
64,88958.0,666,28000.0,0.05,27.7,0,1
37,76900.0,723,19000.0,0.096,0.6,0,0
58,88469.0,701,21000.0,0.135,6.6,0,1
27,51983.0,555,8000.0,0.123,2.0,1,1
33,79234.0,734,31000.0,0.05,6.1,0,1
60,39657.0,735,11000.0,0.072,5.6,0,1
62,72219.0,595,18000.0,0.156,1.0,1,0
29,52402.0,663,15000.0,0.35,1.4,0,0
47,56612.0,718,22000.0,0.281,5.8,0,1
22,105902.0,642,20000.0,0.19,0.8,0,1
25,102283.0,751,42000.0,0.253,1.8,0,1
49,90228.0,850,38000.0,0.368,10.8,0,1
57,47692.0,593,21000.0,0.066,2.4,0,1
58,67090.0,543,18000.0,0.379,4.0,0,0
39,105327.0,686,23000.0,0.263,17.0,0,0
28,78543.0,721,21000.0,0.32,1.5,0,1
65,132983.0,640,33000.0,0.071,3.0,0,1
21,84833.0,784,17000.0,0.139,1.0,0,1
42,79801.0,546,27000.0,0.309,8.4,0,0
37,67272.0,719,20000.0,0.178,13.9,1,1
27,78339.0,609,32000.0,0.162,7.0,0,1
45,71188.0,806,11000.0,0.369,9.0,0,1
65,92703.0,829,32000.0,0.163,1.6,0,1
24,98918.0,595,37000.0,0.218,0.2,1,0
56,55350.0,613,21000.0,0.367,2.9,1,0
26,41719.0,733,17000.0,0.392,0.9,0,1
51,29095.0,627,11000.0,0.091,7.4,1,0
39,87700.0,656,38000.0,0.159,6.5,0,1
64,47416.0,662,12000.0,0.276,0.3,1,0
59,21178.0,497,6000.0,0.418,10.9,0,0
47,84714.0,659,13000.0,0.093,1.7,0,1
30,137325.0,601,21000.0,0.282,3.4,0,1
46,74848.0,618,17000.0,0.167,6.6,0,1
39,95962.0,783,17000.0,0.365,3.4,0,1
59,77046.0,553,18000.0,0.101,3.5,0,1
23,72528.0,729,15000.0,0.371,0.4,1,0
65,97977.0,636,16000.0,0.274,3.1,0,1
33,67743.0,636,29000.0,0.149,8.7,0,0
48,81685.0,727,12000.0,0.05,14.8,0,1
40,83042.0,689,31000.0,0.245,3.2,0,1
48,58298.0,709,11000.0,0.178,3.3,0,1
28,99801.0,742,42000.0,0.05,7.3,0,1
61,70626.0,632,30000.0,0.377,17.2,0,1
59,56106.0,608,19000.0,0.153,1.9,0,0
21,88413.0,568,31000.0,0.358,1.0,0,0
23,52538.0,590,8000.0,0.255,3.0,1,0
33,75705.0,850,34000.0,0.381,5.6,0,1
48,74772.0,766,31000.0,0.05,0.7,1,0
45,102147.0,545,43000.0,0.213,5.9,0,0
53,86867.0,548,30000.0,0.456,1.2,0,0
58,74374.0,701,19000.0,0.099,4.3,1,0
26,95444.0,707,40000.0,0.209,4.5,0,1
64,109755.0,707,26000.0,0.066,12.5,0,1
65,88945.0,638,28000.0,0.445,3.7,0,0
52,75259.0,649,14000.0,0.153,2.0,0,1
65,42204.0,688,18000.0,0.221,1.6,0,1
41,48372.0,667,9000.0,0.182,12.4,0,1
36,67369.0,471,15000.0,0.296,1.1,1,0
41,59762.0,640,19000.0,0.12,3.3,0,1
31,70326.0,588,27000.0,0.18,1.2,0,1
57,76416.0,675,26000.0,0.186,8.9,0,1
56,88242.0,850,19000.0,0.05,3.9,0,1
55,73238.0,691,11000.0,0.05,2.6,1,0
39,87163.0,633,33000.0,0.235,2.7,0,1
40,76612.0,738,34000.0,0.05,11.5,0,1
38,25613.0,701,10000.0,0.16,4.8,0,1
61,51517.0,696,15000.0,0.089,7.6,0,1
34,71398.0,712,30000.0,0.202,13.6,0,1
35,44758.0,835,12000.0,0.29,13.9,0,1
51,89998.0,564,28000.0,0.289,2.4,0,0
21,113269.0,700,33000.0,0.227,1.0,0,0
23,105469.0,581,30000.0,0.219,0.2,0,1
36,69664.0,707,27000.0,0.308,2.8,0,1
43,112268.0,582,35000.0,0.225,13.6,0,1
31,78717.0,625,19000.0,0.126,1.9,0,1
32,66573.0,635,15000.0,0.05,1.9,0,1
30,59665.0,743,10000.0,0.34,2.2,0,1
52,67438.0,738,22000.0,0.456,5.7,1,0
36,65296.0,554,14000.0,0.135,3.5,0,0
28,79260.0,665,15000.0,0.144,7.8,0,1
58,79014.0,600,27000.0,0.05,13.5,0,0
32,75076.0,553,27000.0,0.144,6.7,0,0
44,85923.0,642,32000.0,0.176,1.4,0,1
48,104766.0,634,32000.0,0.096,16.2,0,0
28,98739.0,850,41000.0,0.091,1.8,0,1
48,37878.0,697,16000.0,0.191,1.0,0,1
56,20000.0,543,8000.0,0.172,0.6,0,1
46,98358.0,612,34000.0,0.099,5.0,0,1
28,40828.0,747,10000.0,0.34,0.7,0,1
48,69381.0,838,31000.0,0.05,0.9,0,0
48,45747.0,525,11000.0,0.318,2.1,0,0
57,29950.0,500,6000.0,0.1,2.0,0,0
61,88537.0,819,25000.0,0.169,5.6,0,1
56,93979.0,693,16000.0,0.234,10.2,0,1
47,60587.0,586,27000.0,0.197,8.6,0,1
37,20000.0,705,7000.0,0.144,1.8,0,0
29,61344.0,436,19000.0,0.13,1.7,0,0
53,84795.0,660,29000.0,0.172,20.3,0,0
40,38027.0,688,11000.0,0.307,0.0,0,1
33,79584.0,739,13000.0,0.244,12.7,0,1
48,74617.0,574,25000.0,0.083,1.3,0,0
49,89482.0,667,33000.0,0.388,17.7,0,0
33,77990.0,581,21000.0,0.054,2.5,0,0
55,50673.0,682,19000.0,0.339,3.5,0,1
26,104914.0,584,23000.0,0.257,6.0,0,0
38,71037.0,625,15000.0,0.057,5.3,0,1
25,74317.0,575,15000.0,0.319,2.3,0,1
45,51668.0,715,14000.0,0.262,4.8,0,1
22,63918.0,733,26000.0,0.238,2.0,0,1
30,52880.0,640,21000.0,0.103,0.3,0,1
50,70676.0,663,19000.0,0.187,0.1,1,0
65,117793.0,537,38000.0,0.112,3.7,0,0
25,40702.0,635,15000.0,0.214,0.8,0,0
53,34661.0,656,8000.0,0.073,6.6,0,0
21,111779.0,850,22000.0,0.41,1.0,0,1
38,69767.0,565,31000.0,0.198,3.4,0,0
52,58273.0,784,20000.0,0.149,1.3,0,1
31,100998.0,745,45000.0,0.249,4.8,0,1
41,59860.0,684,15000.0,0.401,0.7,0,1
46,120650.0,809,44000.0,0.115,0.1,0,1
45,91948.0,692,20000.0,0.29,0.3,1,0
42,62802.0,693,14000.0,0.205,18.5,0,1
47,128933.0,655,39000.0,0.169,0.9,1,0
33,59857.0,764,15000.0,0.05,7.4,0,0
53,93552.0,753,19000.0,0.231,0.4,0,1
54,82482.0,607,19000.0,0.282,0.7,0,1
61,107544.0,548,17000.0,0.343,4.3,1,0
55,114038.0,643,41000.0,0.287,3.8,0,0
21,75800.0,592,23000.0,0.162,1.0,0,1
41,56165.0,655,10000.0,0.097,17.4,0,1
26,86499.0,765,17000.0,0.05,6.0,0,1
48,58057.0,621,10000.0,0.295,5.5,0,1
37,125335.0,656,42000.0,0.233,3.6,1,0
25,78413.0,665,14000.0,0.183,2.6,0,1
51,65867.0,732,25000.0,0.095,17.6,0,1
25,79617.0,469,12000.0,0.05,5.0,0,0
58,41322.0,608,9000.0,0.421,5.2,0,0
23,50710.0,678,21000.0,0.38,1.6,0,1
43,105010.0,762,38000.0,0.441,0.3,0,0
57,58578.0,618,10000.0,0.409,17.4,0,0
57,48827.0,500,19000.0,0.184,2.3,0,0
30,88416.0,713,26000.0,0.096,3.5,0,0
30,104643.0,606,42000.0,0.148,0.7,0,0
39,92974.0,559,31000.0,0.101,10.9,0,0
37,99901.0,607,35000.0,0.115,0.2,0,1
41,56080.0,644,25000.0,0.246,10.8,0,1
34,39455.0,609,9000.0,0.087,0.9,0,0
29,112533.0,473,38000.0,0.21,9.0,0,0
21,66933.0,736,19000.0,0.062,1.0,0,1
65,68729.0,768,11000.0,0.197,1.1,0,1
33,108205.0,715,17000.0,0.184,5.0,0,1
24,88906.0,563,17000.0,0.4,2.2,0,0
21,86397.0,643,30000.0,0.069,1.0,0,0
60,129125.0,659,41000.0,0.127,11.8,0,1
52,58912.0,711,19000.0,0.134,3.1,0,1
54,98196.0,717,16000.0,0.307,3.1,0,1
48,76425.0,598,22000.0,0.194,1.1,0,1
51,81715.0,667,35000.0,0.252,2.9,1,0
28,113212.0,699,30000.0,0.209,8.0,0,1
59,87696.0,784,30000.0,0.077,2.7,0,1
46,88457.0,720,34000.0,0.106,18.2,0,1
54,101813.0,727,39000.0,0.273,17.5,0,0
23,65876.0,667,20000.0,0.232,0.9,0,1
32,54020.0,780,22000.0,0.141,1.2,0,1
21,48880.0,695,13000.0,0.05,1.0,0,1
64,25841.0,587,11000.0,0.086,3.0,0,1
25,126405.0,779,28000.0,0.234,0.0,0,1
50,47420.0,719,11000.0,0.098,1.9,0,1
50,69469.0,622,12000.0,0.405,5.5,0,0
37,68080.0,619,26000.0,0.519,9.6,0,0
43,82685.0,685,23000.0,0.161,0.9,0,1
35,95393.0,699,21000.0,0.291,0.7,0,1
57,96512.0,677,21000.0,0.233,15.3,0,1
41,60423.0,686,25000.0,0.299,8.3,1,0
34,70822.0,804,28000.0,0.463,5.3,0,0
22,82064.0,751,26000.0,0.205,2.0,0,1
31,68783.0,676,23000.0,0.05,3.4,0,1
59,115184.0,740,34000.0,0.236,8.5,0,1
58,87274.0,572,23000.0,0.362,2.8,1,0
54,93372.0,694,40000.0,0.05,1.7,0,1
58,91572.0,814,17000.0,0.425,7.8,0,0
54,104337.0,641,29000.0,0.45,3.3,0,1
38,79526.0,588,20000.0,0.308,18.0,0,1
50,42579.0,605,13000.0,0.055,2.6,0,0
35,84992.0,567,24000.0,0.185,15.0,0,0
47,58716.0,593,18000.0,0.102,16.2,1,0
54,61785.0,629,12000.0,0.241,1.7,0,0
58,89659.0,541,27000.0,0.084,9.6,0,0
53,105957.0,661,24000.0,0.362,3.4,0,0
44,75532.0,737,16000.0,0.16,15.0,0,1
35,82721.0,583,14000.0,0.148,3.6,0,0
50,117555.0,789,45000.0,0.137,8.2,0,1
62,81019.0,703,23000.0,0.128,3.8,0,1
37,140042.0,748,47000.0,0.177,1.6,0,1
25,89138.0,604,33000.0,0.05,1.3,0,1
49,30981.0,733,11000.0,0.25,3.3,0,0
24,93834.0,567,27000.0,0.109,4.0,1,1
30,84529.0,736,23000.0,0.296,5.6,0,1
37,107244.0,675,28000.0,0.313,7.0,0,1
30,91830.0,707,31000.0,0.311,2.0,0,1
37,71539.0,560,21000.0,0.245,3.9,0,0
40,44393.0,584,18000.0,0.221,0.3,0,0
44,69774.0,711,29000.0,0.348,10.2,0,1
25,53737.0,579,11000.0,0.247,5.0,1,0
54,60487.0,699,12000.0,0.244,3.1,0,1
26,89714.0,544,30000.0,0.279,0.1,1,0
22,116748.0,732,28000.0,0.415,1.1,0,1
33,84867.0,555,13000.0,0.457,6.3,0,0
63,45103.0,707,19000.0,0.05,5.7,0,1
63,86115.0,713,19000.0,0.313,9.3,0,1
31,104916.0,601,45000.0,0.081,1.8,0,0
43,59755.0,709,22000.0,0.197,8.7,0,0
36,71650.0,682,27000.0,0.084,7.0,0,1
51,75367.0,614,16000.0,0.139,2.3,0,0
31,55378.0,574,12000.0,0.05,4.7,0,0
36,91207.0,493,28000.0,0.319,1.0,0,0
28,71976.0,690,15000.0,0.266,3.6,0,1
24,85488.0,527,21000.0,0.463,4.0,0,0
60,52813.0,668,13000.0,0.308,3.3,0,1
24,64064.0,638,13000.0,0.05,4.0,0,0
45,93060.0,718,20000.0,0.357,5.4,0,1
23,65679.0,634,25000.0,0.105,1.3,0,1
52,118174.0,632,24000.0,0.22,5.2,1,0
23,65009.0,722,10000.0,0.073,3.0,0,1
47,80617.0,688,27000.0,0.415,3.1,1,0
49,98315.0,687,44000.0,0.105,0.8,0,1
52,39541.0,700,10000.0,0.121,3.2,0,1
39,30980.0,529,6000.0,0.378,0.5,0,0
41,36859.0,724,12000.0,0.144,0.6,0,1
25,106565.0,712,45000.0,0.388,3.2,1,0
38,61204.0,574,24000.0,0.185,2.2,0,0
48,138955.0,639,47000.0,0.145,15.6,0,1
62,60894.0,657,15000.0,0.05,2.8,0,1
42,79614.0,649,25000.0,0.312,8.5,0,1
41,113553.0,688,20000.0,0.433,4.5,0,1
26,125152.0,782,44000.0,0.216,6.0,0,1
21,126538.0,752,47000.0,0.434,1.0,0,0
25,105209.0,548,46000.0,0.111,5.0,1,0
61,100602.0,713,23000.0,0.255,4.5,0,1
32,89813.0,773,14000.0,0.138,10.7,0,1
46,94459.0,693,30000.0,0.396,2.7,0,1
54,61220.0,753,22000.0,0.149,0.6,0,1
34,54545.0,831,21000.0,0.222,6.7,1,1
46,74916.0,747,16000.0,0.318,0.0,0,1
65,70745.0,681,16000.0,0.382,3.9,0,1
47,63669.0,749,19000.0,0.427,1.3,0,0
29,92410.0,672,23000.0,0.05,5.9,0,1
46,98883.0,662,40000.0,0.321,23.3,0,1
42,77210.0,630,23000.0,0.196,3.7,0,0
50,111938.0,793,44000.0,0.215,10.2,0,1
63,46458.0,590,15000.0,0.228,4.3,0,1
37,70159.0,790,27000.0,0.075,4.1,0,0
46,57079.0,702,14000.0,0.264,16.0,0,1
56,28337.0,541,11000.0,0.115,13.2,0,0
21,72933.0,691,17000.0,0.065,1.0,0,1
28,71956.0,481,23000.0,0.3,2.1,0,0
55,112836.0,713,24000.0,0.307,4.7,0,1
35,90770.0,735,27000.0,0.344,1.5,0,1
42,49395.0,610,12000.0,0.164,3.5,1,0
34,121352.0,671,28000.0,0.411,4.0,0,1
46,105526.0,826,46000.0,0.191,10.7,0,1
48,89552.0,617,18000.0,0.374,13.6,0,0
43,69338.0,570,27000.0,0.348,3.2,0,0
34,51014.0,786,23000.0,0.137,0.1,0,1
44,65695.0,827,10000.0,0.145,11.9,1,0
22,102219.0,660,37000.0,0.216,1.1,0,1
65,122115.0,746,28000.0,0.453,5.8,0,0
46,113581.0,774,18000.0,0.154,0.2,0,0
34,62779.0,597,17000.0,0.23,3.1,0,1
27,47010.0,619,20000.0,0.233,7.0,0,1
23,78522.0,765,12000.0,0.15,0.6,0,1
43,30789.0,803,10000.0,0.401,3.3,0,1
63,83079.0,708,25000.0,0.144,2.2,0,1
65,71310.0,585,29000.0,0.239,14.1,0,1
38,63349.0,829,11000.0,0.259,12.2,0,1
58,35132.0,615,12000.0,0.312,1.6,0,0
55,87840.0,632,31000.0,0.231,0.5,0,1
35,61682.0,689,22000.0,0.119,5.9,0,1
45,45752.0,792,20000.0,0.394,2.5,0,1
57,20000.0,733,8000.0,0.05,6.7,0,1
48,74312.0,695,12000.0,0.175,0.2,0,1
30,119306.0,699,35000.0,0.197,0.9,0,1
59,116531.0,664,31000.0,0.282,7.0,0,1
37,63573.0,707,15000.0,0.137,1.4,0,1
59,59945.0,445,17000.0,0.28,11.7,0,0
42,86719.0,635,23000.0,0.225,0.4,0,0
46,50040.0,681,14000.0,0.28,1.5,0,1
64,82545.0,562,37000.0,0.314,39.3,0,0
45,94152.0,693,17000.0,0.265,3.4,0,1
37,105673.0,643,45000.0,0.326,7.3,0,1
33,72496.0,809,21000.0,0.242,1.2,0,1
40,69908.0,794,24000.0,0.115,5.6,0,1
45,53050.0,620,21000.0,0.096,7.8,0,1
24,54328.0,647,14000.0,0.257,2.3,0,1
30,69338.0,654,19000.0,0.103,10.0,0,0
23,84184.0,622,23000.0,0.05,3.0,0,1
61,97840.0,677,26000.0,0.418,3.0,0,1
65,54921.0,596,23000.0,0.45,4.9,0,0
38,112317.0,564,45000.0,0.102,5.2,0,0
56,68222.0,713,12000.0,0.151,1.1,0,1
42,74466.0,714,14000.0,0.118,3.1,1,0
54,56320.0,592,16000.0,0.251,2.5,0,1
28,20000.0,736,5000.0,0.113,3.1,0,1
60,97101.0,606,33000.0,0.139,8.6,0,1
64,93421.0,682,18000.0,0.296,4.0,0,1
39,67967.0,730,21000.0,0.071,16.9,0,1
62,76675.0,657,12000.0,0.213,2.1,0,0
61,87898.0,699,22000.0,0.065,3.2,0,1
57,35936.0,616,13000.0,0.096,9.3,0,0
26,61774.0,643,18000.0,0.057,4.7,0,1
46,94857.0,643,42000.0,0.185,4.8,0,1
54,43643.0,597,18000.0,0.21,0.3,0,0
65,82339.0,645,21000.0,0.05,3.1,0,1
26,41085.0,528,7000.0,0.175,1.9,1,0
57,86661.0,618,35000.0,0.055,37.0,0,1
53,74109.0,636,31000.0,0.458,2.2,0,0
42,34622.0,638,14000.0,0.316,13.0,0,0
41,104118.0,639,20000.0,0.232,6.8,0,1
26,56635.0,655,25000.0,0.322,2.5,0,0
26,54744.0,701,12000.0,0.155,4.7,0,1
24,80014.0,734,29000.0,0.294,4.0,0,1
50,103716.0,605,44000.0,0.1,12.9,0,0
31,49604.0,558,11000.0,0.179,1.0,0,1
50,76542.0,571,32000.0,0.089,2.5,0,0
51,85720.0,619,21000.0,0.527,2.4,0,0
44,92328.0,630,41000.0,0.05,0.3,0,0
29,79411.0,595,19000.0,0.059,5.5,0,1
23,65824.0,550,29000.0,0.103,3.0,0,0
51,54310.0,621,9000.0,0.366,2.9,0,0
60,77154.0,675,28000.0,0.168,8.1,0,1
57,48197.0,711,15000.0,0.114,5.9,0,1
56,20000.0,613,6000.0,0.276,2.8,0,0
44,85914.0,625,19000.0,0.512,0.9,0,0
51,97598.0,581,35000.0,0.139,7.4,0,0
26,20000.0,657,5000.0,0.297,6.0,0,0
22,49757.0,588,16000.0,0.317,2.0,0,1
40,90479.0,709,20000.0,0.113,0.1,0,1
48,126437.0,508,55000.0,0.059,1.5,1,0
31,75520.0,629,12000.0,0.121,0.4,1,0
24,56800.0,686,12000.0,0.244,4.0,0,1
35,70428.0,676,16000.0,0.189,8.5,1,0
26,109372.0,850,30000.0,0.153,0.7,0,1
50,58851.0,690,13000.0,0.097,10.9,0,1
58,55020.0,575,16000.0,0.103,4.9,0,0
22,62931.0,652,26000.0,0.239,2.0,0,1
35,51167.0,509,19000.0,0.159,15.0,0,0
31,78067.0,653,25000.0,0.174,0.5,0,0
28,115617.0,589,20000.0,0.05,8.0,0,1
46,83077.0,738,30000.0,0.126,0.8,0,0
65,68691.0,613,14000.0,0.363,3.0,0,0
64,67705.0,650,26000.0,0.346,11.4,0,1
25,35920.0,606,8000.0,0.328,5.0,0,0
26,97078.0,808,27000.0,0.311,4.2,0,1
46,73054.0,633,19000.0,0.195,5.4,1,0
24,70488.0,816,29000.0,0.322,4.0,0,1
39,154828.0,729,29000.0,0.117,10.7,0,1
40,82469.0,701,26000.0,0.343,0.8,0,1
53,56205.0,691,11000.0,0.133,10.0,0,1
40,64341.0,693,23000.0,0.3,3.9,0,1
32,103711.0,496,44000.0,0.269,3.6,1,0
21,77832.0,636,22000.0,0.173,1.0,0,0
46,39043.0,732,12000.0,0.05,4.3,0,1
34,97981.0,656,42000.0,0.399,14.0,0,0
58,58296.0,541,18000.0,0.254,4.8,0,0
57,121832.0,656,36000.0,0.19,18.4,0,0
31,102001.0,805,33000.0,0.224,1.2,0,0
56,63817.0,766,23000.0,0.05,7.7,0,1
33,107025.0,655,19000.0,0.102,10.0,0,0
63,76696.0,741,30000.0,0.342,6.8,0,1
23,96319.0,629,27000.0,0.4,3.0,0,0
53,87118.0,515,15000.0,0.085,5.0,0,0
26,53841.0,581,21000.0,0.224,6.0,0,1
30,58911.0,793,15000.0,0.201,10.0,0,1
25,100749.0,637,18000.0,0.298,0.8,0,1
43,66631.0,639,23000.0,0.148,11.3,0,1
30,64909.0,635,27000.0,0.288,3.2,0,1
64,51122.0,822,21000.0,0.314,1.8,0,1
22,85590.0,798,37000.0,0.188,2.0,0,0
33,126563.0,849,52000.0,0.292,3.4,0,1
60,48312.0,646,7000.0,0.105,9.9,0,1
22,75605.0,685,20000.0,0.33,1.8,0,1
40,110306.0,531,44000.0,0.062,0.0,0,0
21,73009.0,786,19000.0,0.327,1.0,1,0
57,86309.0,561,29000.0,0.328,0.6,0,0
29,48440.0,678,16000.0,0.244,8.4,0,1
37,85708.0,567,22000.0,0.185,1.9,0,0
29,70321.0,610,30000.0,0.129,3.5,0,1
31,99643.0,589,30000.0,0.287,0.5,0,1
35,104685.0,608,30000.0,0.05,2.0,0,0
44,139739.0,614,60000.0,0.127,9.1,0,0
58,89491.0,613,27000.0,0.262,1.0,0,1
55,83145.0,731,17000.0,0.134,6.3,0,1
50,79860.0,566,24000.0,0.149,15.0,1,0
51,66171.0,679,26000.0,0.206,6.8,0,1
25,83462.0,764,32000.0,0.194,5.0,0,1
64,67615.0,616,26000.0,0.06,0.7,0,1
34,79212.0,599,29000.0,0.164,1.7,1,0
31,107940.0,640,24000.0,0.232,11.0,0,1
29,49836.0,760,20000.0,0.302,7.5,0,1
54,103497.0,676,43000.0,0.378,6.1,0,0
32,107928.0,615,22000.0,0.254,6.5,0,1
55,72048.0,701,14000.0,0.05,3.2,0,1
55,21954.0,566,10000.0,0.477,0.3,1,0
21,59804.0,718,25000.0,0.263,1.0,0,1
60,107425.0,695,45000.0,0.148,6.8,0,1
42,74428.0,634,31000.0,0.167,3.8,0,1
49,50017.0,589,16000.0,0.242,13.8,0,1
28,62381.0,585,21000.0,0.096,2.5,0,1
31,96016.0,705,30000.0,0.085,2.1,1,0
61,88668.0,764,15000.0,0.182,12.4,0,1
57,69027.0,606,26000.0,0.48,9.6,1,0
34,65829.0,699,20000.0,0.283,4.3,0,1
50,65206.0,483,22000.0,0.088,0.8,0,0
55,51940.0,610,16000.0,0.05,1.5,0,1
41,115384.0,657,34000.0,0.082,6.4,0,1
57,66942.0,583,13000.0,0.233,2.9,0,1
25,105429.0,580,25000.0,0.145,5.0,0,1
39,113033.0,603,22000.0,0.322,18.0,0,1
34,99958.0,685,21000.0,0.099,9.8,0,1
46,64209.0,644,28000.0,0.178,2.8,0,0
24,85093.0,470,17000.0,0.355,4.0,0,0
45,74395.0,480,17000.0,0.096,2.6,0,0
65,52407.0,608,17000.0,0.126,1.1,0,1
62,83109.0,699,28000.0,0.172,0.2,0,1
45,45524.0,426,9000.0,0.222,2.9,0,0
38,104692.0,618,41000.0,0.184,14.0,0,0
60,63385.0,615,24000.0,0.05,1.6,0,0
28,80029.0,778,18000.0,0.094,1.4,0,1
59,82082.0,627,19000.0,0.154,21.0,0,1
60,68527.0,693,30000.0,0.145,0.2,0,1
34,89667.0,672,36000.0,0.342,9.2,0,1
52,63127.0,479,23000.0,0.403,2.3,0,0
58,96782.0,725,17000.0,0.357,0.2,1,1
53,41351.0,678,11000.0,0.086,15.0,0,0
43,78159.0,703,25000.0,0.374,0.9,0,1
35,123473.0,850,25000.0,0.21,4.8,0,1
53,49992.0,483,14000.0,0.142,1.9,0,0
45,58056.0,807,19000.0,0.183,0.4,0,1
37,87848.0,636,22000.0,0.244,0.3,0,1
53,79490.0,684,31000.0,0.381,0.7,1,0
22,83766.0,656,34000.0,0.287,0.4,0,1
34,87230.0,624,22000.0,0.05,8.6,0,1
60,90868.0,612,36000.0,0.409,4.0,0,1
60,102742.0,688,19000.0,0.05,2.5,0,1
59,85245.0,531,34000.0,0.253,3.3,0,0
26,68969.0,724,14000.0,0.311,6.0,0,1
26,91814.0,625,16000.0,0.291,6.0,0,0
23,122497.0,564,42000.0,0.062,3.0,0,0
27,71684.0,622,21000.0,0.33,7.0,0,1
28,50637.0,767,21000.0,0.236,2.3,0,1
62,102677.0,614,27000.0,0.136,2.9,0,1
35,71990.0,690,17000.0,0.106,5.7,1,0
49,20683.0,598,6000.0,0.238,5.9,0,0
53,96186.0,724,28000.0,0.251,3.9,0,1
50,61617.0,718,16000.0,0.06,3.1,0,1
59,72737.0,817,26000.0,0.259,25.7,0,1
47,83300.0,645,31000.0,0.314,10.3,0,1
56,79762.0,717,32000.0,0.054,3.4,0,1
49,92736.0,668,41000.0,0.292,7.8,0,1
58,64113.0,770,15000.0,0.325,1.9,0,1
53,87828.0,599,32000.0,0.139,0.6,0,1
57,68511.0,723,18000.0,0.448,2.6,1,1
47,93470.0,643,33000.0,0.108,3.1,1,0
53,90384.0,655,26000.0,0.144,0.1,0,0
24,51614.0,668,23000.0,0.109,4.0,0,1
42,102150.0,681,38000.0,0.412,2.7,0,1
22,61601.0,650,27000.0,0.164,2.0,0,1
30,95201.0,678,38000.0,0.149,0.5,0,1
25,84182.0,794,35000.0,0.09,1.2,0,1
30,120955.0,744,48000.0,0.376,10.0,0,1
53,69413.0,734,20000.0,0.11,5.6,0,1
58,66267.0,621,15000.0,0.121,18.0,0,1
33,74515.0,584,19000.0,0.05,13.0,0,0
51,67421.0,741,11000.0,0.114,2.8,0,1
56,94999.0,734,29000.0,0.059,2.1,0,0
65,34592.0,785,10000.0,0.178,11.7,0,1
44,48658.0,609,15000.0,0.281,24.0,1,0
35,48305.0,640,21000.0,0.132,6.0,0,1
49,98758.0,521,42000.0,0.145,9.5,0,0
28,117765.0,627,23000.0,0.076,8.0,0,1
25,72389.0,745,19000.0,0.413,2.6,0,1
49,70779.0,620,20000.0,0.368,5.1,0,0
24,76751.0,714,20000.0,0.288,4.0,0,1
32,104047.0,644,41000.0,0.275,7.0,0,0
65,51816.0,688,16000.0,0.078,0.1,0,1
22,80959.0,562,26000.0,0.243,2.0,0,0
47,99380.0,667,40000.0,0.231,0.9,1,0
51,87527.0,406,34000.0,0.252,1.6,0,0
56,79740.0,644,15000.0,0.05,14.2,0,0
56,100026.0,521,36000.0,0.114,0.2,1,0
46,20000.0,763,6000.0,0.074,1.5,0,1
63,91947.0,726,22000.0,0.109,2.2,0,1
47,58648.0,700,10000.0,0.135,5.8,0,1
25,29234.0,789,9000.0,0.196,4.6,0,1
40,87780.0,579,23000.0,0.246,1.5,0,0
31,109341.0,809,25000.0,0.366,1.1,0,1
30,71564.0,739,26000.0,0.095,1.6,0,1
60,98822.0,640,38000.0,0.283,4.2,0,0
58,115307.0,757,26000.0,0.19,1.9,0,1
26,107873.0,566,18000.0,0.05,6.0,0,0
28,115999.0,590,47000.0,0.207,3.7,0,1
43,93553.0,608,14000.0,0.351,0.4,0,0
46,76886.0,615,33000.0,0.34,7.8,0,1
63,34951.0,570,12000.0,0.154,2.4,1,1
32,68848.0,764,17000.0,0.178,6.4,0,1
46,53919.0,638,12000.0,0.279,2.0,0,0
33,129274.0,690,20000.0,0.255,5.1,0,1
60,70603.0,612,16000.0,0.213,8.9,0,1
38,78080.0,505,15000.0,0.132,15.8,1,0
45,88787.0,683,30000.0,0.316,1.8,0,1
53,76090.0,497,15000.0,0.127,2.4,0,0
60,117376.0,654,36000.0,0.311,3.7,0,1
63,59434.0,544,19000.0,0.078,15.7,0,0
32,79865.0,829,19000.0,0.263,12.0,1,0
64,56438.0,737,9000.0,0.075,0.6,0,1
56,41999.0,669,7000.0,0.3,0.8,1,0
24,59706.0,767,9000.0,0.369,4.0,0,1
25,74074.0,588,28000.0,0.191,0.7,0,1
57,64267.0,706,16000.0,0.258,2.5,0,1
28,57689.0,677,22000.0,0.351,1.0,0,1
62,39842.0,682,11000.0,0.331,6.1,0,1
48,72922.0,768,21000.0,0.109,17.9,0,1
51,37382.0,722,11000.0,0.156,31.0,0,1
29,94001.0,685,34000.0,0.394,2.8,0,1
49,77061.0,519,18000.0,0.183,5.5,1,0
34,38561.0,578,7000.0,0.256,11.6,0,0
60,67270.0,650,21000.0,0.14,0.7,1,0
61,56196.0,668,14000.0,0.195,7.0,1,0
42,82979.0,564,23000.0,0.409,3.2,0,0
31,108511.0,850,37000.0,0.153,1.4,0,1
43,28121.0,789,8000.0,0.192,3.1,0,1
21,77876.0,711,26000.0,0.165,0.5,0,1
57,70997.0,666,22000.0,0.314,7.1,0,1
41,91784.0,642,34000.0,0.239,1.7,0,0
46,80330.0,579,29000.0,0.132,2.2,0,1
56,56201.0,667,17000.0,0.05,0.8,0,1
43,67024.0,682,24000.0,0.201,12.0,0,1
21,55099.0,554,23000.0,0.296,1.0,0,0
60,101900.0,688,28000.0,0.178,5.1,1,0
35,75533.0,647,21000.0,0.257,5.1,0,1
41,122530.0,498,46000.0,0.19,3.2,0,0
29,73483.0,587,24000.0,0.281,1.3,0,1
29,57290.0,625,10000.0,0.324,8.2,0,1
30,37157.0,820,16000.0,0.05,0.8,0,1
46,29922.0,707,5000.0,0.155,0.7,0,1
61,35397.0,546,13000.0,0.159,7.4,0,1
55,81678.0,701,31000.0,0.181,1.4,0,1
45,87718.0,528,38000.0,0.097,2.2,0,0
46,35470.0,752,6000.0,0.231,3.9,0,1
31,97376.0,620,32000.0,0.119,3.6,0,1
58,62923.0,652,18000.0,0.199,7.4,0,1
22,78670.0,773,20000.0,0.175,2.0,0,1
27,115306.0,551,20000.0,0.081,6.2,0,0
38,97421.0,541,31000.0,0.145,7.5,0,0
47,68287.0,610,20000.0,0.28,2.1,0,1
54,52720.0,748,10000.0,0.126,2.3,0,1
47,21205.0,531,7000.0,0.24,3.5,0,0
37,57021.0,419,21000.0,0.195,2.2,0,0
63,69722.0,622,27000.0,0.05,25.2,0,1
64,50321.0,707,21000.0,0.05,10.1,0,1
44,71719.0,762,20000.0,0.08,1.1,0,1
45,76921.0,621,34000.0,0.072,0.0,0,1
27,69379.0,625,28000.0,0.515,0.3,0,0
26,58750.0,758,14000.0,0.269,1.7,1,0
44,79216.0,501,16000.0,0.162,0.7,0,0
53,86049.0,627,24000.0,0.167,4.6,0,1
49,47740.0,676,13000.0,0.143,11.7,0,1
63,110273.0,698,36000.0,0.293,8.0,0,1
42,72535.0,617,24000.0,0.132,1.5,0,1
46,75471.0,663,28000.0,0.171,3.1,0,1
48,92705.0,448,28000.0,0.278,4.3,0,0
41,80830.0,604,15000.0,0.155,10.0,1,0
27,98828.0,699,40000.0,0.054,7.0,1,0
37,82178.0,577,20000.0,0.386,14.4,0,0
40,59689.0,665,26000.0,0.213,4.3,1,1
61,84038.0,698,16000.0,0.272,7.1,0,1
40,46407.0,631,20000.0,0.268,0.7,0,1
42,77714.0,674,14000.0,0.299,5.0,0,1
48,74169.0,578,16000.0,0.087,1.7,0,0
60,69797.0,642,11000.0,0.065,3.4,0,1
27,71787.0,712,26000.0,0.388,6.0,0,1
21,27954.0,673,11000.0,0.225,1.0,0,1
52,61282.0,610,17000.0,0.05,0.3,0,0
33,77321.0,679,33000.0,0.227,0.1,0,1
50,78996.0,721,26000.0,0.075,0.1,0,1
43,49308.0,486,17000.0,0.122,0.1,0,0
39,106643.0,759,43000.0,0.198,0.7,1,1
52,53346.0,631,13000.0,0.129,1.6,0,1
50,99236.0,696,25000.0,0.387,1.5,0,1
49,85680.0,762,36000.0,0.059,26.0,1,0
65,58844.0,543,25000.0,0.261,2.2,0,0
49,119383.0,600,53000.0,0.189,0.8,0,1
50,45159.0,635,19000.0,0.075,4.7,0,1
36,97979.0,593,18000.0,0.312,11.7,0,1
60,100015.0,807,40000.0,0.219,6.8,0,1
39,58234.0,587,16000.0,0.052,2.1,0,1
38,109812.0,613,49000.0,0.263,4.9,0,1
21,68749.0,677,20000.0,0.128,1.0,0,1
34,82217.0,558,26000.0,0.376,7.8,1,0
22,81508.0,626,25000.0,0.286,2.0,0,1
48,71642.0,687,18000.0,0.211,12.3,1,0
50,95270.0,632,16000.0,0.188,12.2,1,0
58,94837.0,652,40000.0,0.38,5.2,0,0
24,31287.0,615,12000.0,0.155,3.4,0,0
21,107609.0,531,21000.0,0.05,1.0,0,0
28,33438.0,687,13000.0,0.21,8.0,1,0
49,100814.0,809,34000.0,0.25,0.0,0,1
59,103168.0,662,28000.0,0.121,29.0,0,1
23,47726.0,679,11000.0,0.146,1.2,0,1
52,64730.0,719,26000.0,0.19,3.8,0,1
30,47357.0,552,17000.0,0.05,10.0,1,1
30,69627.0,805,22000.0,0.337,1.5,0,1
39,67299.0,677,22000.0,0.189,3.9,0,1
54,94492.0,799,17000.0,0.435,0.9,0,0
53,107758.0,598,31000.0,0.328,3.0,0,1
43,109892.0,815,23000.0,0.178,1.2,1,0
48,60946.0,726,13000.0,0.097,2.7,0,1
52,69769.0,707,24000.0,0.24,2.8,1,0
